period_end,filed,form,fiscal_year,fiscal_period,assets,liabilities,long_term_debt,revenue,net_income,stockholders_equity,cash,shares_outstanding,interest_expense,current_debt,current_liabilities,current_assets,operating_income,default_point_proxy,total_debt_proxy,book_leverage,current_ratio,net_margin,return_on_assets,interest_coverage_proxy,cash_to_assets
2006-12-31,2010-03-11,10-K,2009,FY,,,,,,11673000000.0,,517408663.0,,,,,,,,,,,,,
2007-12-31,2010-03-11,10-K,2009,FY,,,,5891000000.0,1491000000.0,16508000000.0,,517408663.0,3197000000.0,,,,,,,,,0.25309794601935154,,,
2007-12-31,2011-03-01,10-K,2010,FY,,,,,,16508000000.0,,525508324.0,,,,,,,,,,,,,
2008-06-30,2009-08-10,10-Q,2009,Q2,,,,2039000000.0,505000000.0,,,461402998.0,600000000.0,,,,,,,,,0.24767042667974498,,,
2008-09-30,2009-11-06,10-Q,2009,Q3,,,,1654000000.0,259000000.0,,,461290310.0,574000000.0,,,,,,,,,0.156590084643289,,,
2008-12-31,2009-08-10,10-Q,2009,Q2,291081000000.0,263433000000.0,,,,25422000000.0,,461402998.0,,,,,,,,0.9050161295309553,,,,,
2008-12-31,2009-11-06,10-Q,2009,Q3,291081000000.0,263433000000.0,,,,27648000000.0,,461290310.0,,,,,,,,0.9050161295309553,,,,,
2008-12-31,2010-03-11,10-K,2009,FY,291081000000.0,263433000000.0,,6296000000.0,914000000.0,27648000000.0,,517408663.0,2447000000.0,,,,,,,0.9050161295309553,,0.1451715374841169,0.0031400194447593626,,
2008-12-31,2011-03-01,10-K,2010,FY,,,,6296000000.0,914000000.0,27648000000.0,,525508324.0,2447000000.0,,,,,,,,,0.1451715374841169,,,
2008-12-31,2012-02-29,10-K,2011,FY,,,,,,27648000000.0,,527568487.0,,,,,,,,,,,,,
2009-03-31,2010-05-07,10-Q,2010,Q1,,,,3686000000.0,530000000.0,,,526050424.0,939000000.0,,,,,,,,,0.14378730330982095,,,
2009-06-30,2009-08-10,10-Q,2009,Q2,279754000000.0,250287000000.0,,3987000000.0,65000000.0,27294000000.0,,461402998.0,819000000.0,,,,,,,0.8946681727517748,,0.016302984700275896,0.00023234699057028674,,
2009-06-30,2010-08-09,10-Q,2010,Q2,,,,3803000000.0,207000000.0,,,525399769.0,807000000.0,,,,,,,,,0.05443071259531949,,,
2009-07-31,2009-08-10,10-Q,2009,Q2,,,,,,,,461402998.0,,,,,,,,,,,,,
2009-09-30,2009-11-06,10-Q,2009,Q3,271407000000.0,239744000000.0,,4048000000.0,559000000.0,31663000000.0,,461290310.0,666000000.0,,,,,,,0.8833375705121828,,0.13809288537549408,0.0020596373711805516,,
2009-09-30,2010-11-09,10-Q,2010,Q3,,,,3853000000.0,559000000.0,,,525796405.0,664000000.0,,,,,,,,,0.1450817544770309,,,
2009-10-30,2009-11-06,10-Q,2009,Q3,,,,,,,,461290310.0,,,,,,,,,,,,,
2009-12-31,2010-03-11,10-K,2009,FY,269863000000.0,237296000000.0,,16228000000.0,2403000000.0,32567000000.0,,517408663.0,3003000000.0,,,,,,,0.8793202476812308,,0.14807739709144688,0.008904518218503462,,
2009-12-31,2010-05-07,10-Q,2010,Q1,269863000000.0,237296000000.0,,,,32567000000.0,,526050424.0,,,,,,,,0.8793202476812308,,,,,
2009-12-31,2010-08-09,10-Q,2010,Q2,269863000000.0,237296000000.0,,,,32567000000.0,,525399769.0,,,,,,,,0.8793202476812308,,,,,
2009-12-31,2010-11-09,10-Q,2010,Q3,269863000000.0,237296000000.0,,,,32567000000.0,,525796405.0,,,,,,,,0.8793202476812308,,,,,
2009-12-31,2011-03-01,10-K,2010,FY,269863000000.0,237296000000.0,,16228000000.0,2403000000.0,32567000000.0,,525508324.0,3003000000.0,,,,,,,0.8793202476812308,,0.14807739709144688,0.008904518218503462,,
2009-12-31,2012-02-29,10-K,2011,FY,,,,16228000000.0,2403000000.0,32567000000.0,,527568487.0,3003000000.0,,,,,,,,,0.14807739709144688,,,
2009-12-31,2013-03-01,10-K,2012,FY,,,,,,32567000000.0,,528435413.0,,,,,,,,,,,,,
2010-02-26,2010-03-11,10-K,2009,FY,,,,,,,,517408663.0,,,,,,,,,,,,,
2010-03-31,2010-05-07,10-Q,2010,Q1,265396000000.0,235962000000.0,,3763000000.0,671000000.0,29434000000.0,,526050424.0,526000000.0,,,,,,,0.889094033067567,,0.1783151740632474,0.002528297336809899,,
2010-03-31,2011-05-09,10-Q,2011,Q1,,,,3763000000.0,671000000.0,,,526282991.0,526000000.0,,,,,,,,,0.1783151740632474,,,
2010-04-30,2010-05-07,10-Q,2010,Q1,,,,,,,,526050424.0,,,,,,,,,,,,,
2010-06-30,2010-08-09,10-Q,2010,Q2,261695000000.0,230705000000.0,,3912000000.0,803000000.0,30990000000.0,,525399769.0,438000000.0,,,,,,,0.8815797015609774,,0.20526584867075665,0.00306845755555131,,
2010-06-30,2011-08-08,10-Q,2011,Q2,,,,3912000000.0,803000000.0,,,526240991.0,438000000.0,,,,,,,,,0.20526584867075665,,,
2010-07-31,2010-08-09,10-Q,2010,Q2,,,,,,,,525399769.0,,,,,,,,,,,,,
2010-09-30,2010-11-09,10-Q,2010,Q3,260133000000.0,227467000000.0,,3598000000.0,1103000000.0,32666000000.0,,525796405.0,486000000.0,,,,,,,0.8744257745076557,,0.3065591995553085,0.004240138698281264,,
2010-09-30,2011-11-08,10-Q,2011,Q3,,,,3598000000.0,1103000000.0,,,526112070.0,486000000.0,,,,,,,,,0.3065591995553085,,,
2010-10-31,2010-11-09,10-Q,2010,Q3,,,,,,,,525796405.0,,,,,,,,,,,,,
2010-12-31,2011-03-01,10-K,2010,FY,264284000000.0,231446000000.0,,15176000000.0,3397000000.0,32838000000.0,,525508324.0,1920000000.0,,,,,,,0.8757473021446626,,0.2238402741170269,0.01285359688819603,,
2010-12-31,2011-05-09,10-Q,2011,Q1,264284000000.0,231446000000.0,,,,32838000000.0,,526282991.0,,,,,,,,0.8757473021446626,,,,,
2010-12-31,2011-08-08,10-Q,2011,Q2,264284000000.0,231446000000.0,,,,32838000000.0,,526240991.0,,,,,,,,0.8757473021446626,,,,,
2010-12-31,2011-11-08,10-Q,2011,Q3,264284000000.0,231446000000.0,,,,32838000000.0,,526112070.0,,,,,,,,0.8757473021446626,,,,,
2010-12-31,2012-02-29,10-K,2011,FY,264284000000.0,231446000000.0,,15176000000.0,3397000000.0,32838000000.0,,527568487.0,1920000000.0,,,,,,,0.8757473021446626,,0.2238402741170269,0.01285359688819603,,
2010-12-31,2012-05-09,10-Q,2012,Q1,,,,,,32838000000.0,,528783529.0,,,,,,,,,,,,,
2010-12-31,2012-08-08,10-Q,2012,Q2,,,,,,32838000000.0,,529405539.0,,,,,,,,,,,,,
2010-12-31,2012-11-08,10-Q,2012,Q3,,,,,,32838000000.0,,528863145.0,,,,,,,,,,,,,
2010-12-31,2013-03-01,10-K,2012,FY,,,,15176000000.0,3397000000.0,32838000000.0,,528435413.0,1920000000.0,,,,,,,,,0.2238402741170269,,,
2010-12-31,2014-03-03,10-K,2013,FY,,,,,,32838000000.0,,534064610.0,,,,,,,,,,,,,
2011-02-18,2011-03-01,10-K,2010,FY,,,,,,,,525508324.0,,,,,,,,,,,,,
2011-03-31,2011-05-09,10-Q,2011,Q1,259378000000.0,225661000000.0,,3631000000.0,832000000.0,33717000000.0,,526282991.0,407000000.0,,,,,,,0.870008250506982,,0.22913797851831452,0.0032076737425687607,,
2011-03-31,2012-05-09,10-Q,2012,Q1,,,,3631000000.0,832000000.0,33717000000.0,,528783529.0,407000000.0,,,,,,,,,0.22913797851831452,,,
2011-04-30,2011-05-09,10-Q,2011,Q1,,,,,,,,526282991.0,,,,,,,,,,,,,
2011-06-30,2011-08-08,10-Q,2011,Q2,263117000000.0,228244000000.0,,3602000000.0,912000000.0,34873000000.0,,526240991.0,397000000.0,,,,,,,0.8674620035953587,,0.2531926707384786,0.0034661386379443364,,
2011-06-30,2012-08-08,10-Q,2012,Q2,,,,3602000000.0,912000000.0,34873000000.0,,529405539.0,397000000.0,,,,,,,,,0.2531926707384786,,,
2011-07-31,2011-08-08,10-Q,2011,Q2,,,,,,,,526240991.0,,,,,,,,,,,,,
2011-09-30,2011-11-08,10-Q,2011,Q3,269470000000.0,232228000000.0,,3544000000.0,834000000.0,37242000000.0,,526112070.0,355000000.0,,,,,,,0.8617953761086578,,0.2353273137697517,0.003094964188963521,,
2011-09-30,2012-11-08,10-Q,2012,Q3,,,,3544000000.0,834000000.0,37242000000.0,,528863145.0,355000000.0,,,,,,,,,0.2353273137697517,,,
2011-10-31,2011-11-08,10-Q,2011,Q3,,,,,,,,526112070.0,,,,,,,,,,,,,
2011-12-31,2012-02-29,10-K,2011,FY,271205000000.0,233959000000.0,,14326000000.0,3071000000.0,37246000000.0,,527568487.0,1494000000.0,,,,,,,0.8626647738795377,,0.21436548932011726,0.011323537545399236,,
2011-12-31,2012-05-09,10-Q,2012,Q1,271205000000.0,233959000000.0,,,,37246000000.0,,528783529.0,,,,,,,,0.8626647738795377,,,,,
2011-12-31,2012-08-08,10-Q,2012,Q2,271205000000.0,233959000000.0,,,,37246000000.0,,529405539.0,,,,,,,,0.8626647738795377,,,,,
2011-12-31,2012-11-08,10-Q,2012,Q3,271205000000.0,233959000000.0,,,,37246000000.0,,528863145.0,,,,,,,,0.8626647738795377,,,,,
2011-12-31,2013-03-01,10-K,2012,FY,271205000000.0,233959000000.0,,14326000000.0,3071000000.0,37246000000.0,,528435413.0,1494000000.0,,,,,,,0.8626647738795377,,0.21436548932011726,0.011323537545399236,,
2011-12-31,2013-05-09,10-Q,2013,Q1,,,,,,37246000000.0,,529423740.0,,,,,,,,,,,,,
2011-12-31,2013-08-08,10-Q,2013,Q2,,,,,,37246000000.0,,531511981.0,,,,,,,,,,,,,
2011-12-31,2013-11-06,10-Q,2013,Q3,,,,,,37246000000.0,,532107975.0,,,,,,,,,,,,,
2011-12-31,2014-03-03,10-K,2013,FY,,,,14326000000.0,3071000000.0,37246000000.0,,534064610.0,1494000000.0,,,,,,,,,0.21436548932011726,,,
2011-12-31,2015-03-02,10-K,2014,FY,,,,,,37246000000.0,,520689714.0,,,,,,,,,,,,,
2012-02-17,2012-02-29,10-K,2011,FY,,,,,,,,527568487.0,,,,,,,,,,,,,
2012-03-31,2012-05-09,10-Q,2012,Q1,295883000000.0,257647000000.0,,3732000000.0,811000000.0,38236000000.0,,528783529.0,306000000.0,,,,,,,0.870773244829882,,0.21730975348338694,0.002740948280232389,,
2012-03-31,2013-05-09,10-Q,2013,Q1,,,,3732000000.0,811000000.0,38236000000.0,,529423740.0,306000000.0,,,,,,,,,0.21730975348338694,,,
2012-04-30,2012-05-09,10-Q,2012,Q1,,,,,,,,528783529.0,,,,,,,,,,,,,
2012-06-30,2012-08-08,10-Q,2012,Q2,299575000000.0,259361000000.0,,3623000000.0,546000000.0,40214000000.0,,529405539.0,270000000.0,,,,,,,0.8657631644830176,,0.15070383659950318,0.001822581991154135,,
2012-06-30,2013-08-08,10-Q,2013,Q2,,,,3623000000.0,546000000.0,40214000000.0,,531511981.0,270000000.0,,,,,,,,,0.15070383659950318,,,
2012-08-01,2012-08-08,10-Q,2012,Q2,,,,,,,,529405539.0,,,,,,,,,,,,,
2012-09-30,2012-11-08,10-Q,2012,Q3,300803000000.0,259001000000.0,,4088000000.0,925000000.0,41802000000.0,,528863145.0,271000000.0,,,,,,,0.8610319710907138,,0.2262720156555773,0.003075102309484945,,
2012-09-30,2013-11-06,10-Q,2013,Q3,,,,4088000000.0,925000000.0,41802000000.0,,532107975.0,271000000.0,,,,,,,,,0.2262720156555773,,,
2012-10-31,2012-11-08,10-Q,2012,Q3,,,,,,,,528863145.0,,,,,,,,,,,,,
2012-12-31,2013-03-01,10-K,2012,FY,305107000000.0,263342000000.0,,15512000000.0,3001000000.0,41765000000.0,,528435413.0,1094000000.0,,,,,,,0.8631135962137872,,0.1934631253223311,0.009835893637314123,,
2012-12-31,2013-05-09,10-Q,2013,Q1,305107000000.0,263342000000.0,,,,41765000000.0,,529423740.0,,,,,,,,0.8631135962137872,,,,,
2012-12-31,2013-08-08,10-Q,2013,Q2,305107000000.0,263342000000.0,,,,41765000000.0,,531511981.0,,,,,,,,0.8631135962137872,,,,,
2012-12-31,2013-11-06,10-Q,2013,Q3,305107000000.0,263342000000.0,,,,41765000000.0,,532107975.0,,,,,,,,0.8631135962137872,,,,,
2012-12-31,2014-03-03,10-K,2013,FY,305107000000.0,263342000000.0,,15512000000.0,3001000000.0,41765000000.0,,534064610.0,1094000000.0,,,,,,,0.8631135962137872,,0.1934631253223311,0.009835893637314123,,
2012-12-31,2014-05-08,10-Q,2014,Q1,,,,,,41765000000.0,,534128758.0,,,,,,,,,,,,,
2012-12-31,2014-08-07,10-Q,2014,Q2,,,,,,41765000000.0,,540566475.0,,,,,,,,,,,,,
2012-12-31,2014-11-05,10-Q,2014,Q3,,,,,,41765000000.0,,526209756.0,,,,,,,,,,,,,
2012-12-31,2015-03-02,10-K,2014,FY,,,,15512000000.0,2994000000.0,41720000000.0,,520689714.0,1094000000.0,,,,,,,,,0.19301186178442495,,,
2012-12-31,2016-02-29,10-K,2015,FY,,,,,,41720000000.0,,501105185.0,,,,,,,,,,,,,
2013-02-15,2013-03-01,10-K,2012,FY,,,,,,,,528435413.0,,,,,,,,,,,,,
2013-03-31,2013-05-09,10-Q,2013,Q1,300812000000.0,258734000000.0,,3955000000.0,1004000000.0,42078000000.0,,529423740.0,222000000.0,,,,,,,0.8601186122894033,,0.2538558786346397,0.00333763280720184,,
2013-03-31,2014-05-08,10-Q,2014,Q1,,,,3955000000.0,995000000.0,42024000000.0,,534128758.0,222000000.0,,,,,,,,,0.2515802781289507,,,
2013-06-30,2013-08-08,10-Q,2013,Q2,304415000000.0,262474000000.0,,4064000000.0,1123000000.0,41941000000.0,,531511981.0,211000000.0,,,,,,,0.8622242662155282,,0.2763287401574803,0.0036890429183844423,,
2013-06-30,2014-08-07,10-Q,2014,Q2,,,,4064000000.0,1115000000.0,41877000000.0,,540566475.0,211000000.0,,,,,,,,,0.27436023622047245,,,
2013-09-30,2013-11-06,10-Q,2013,Q3,308597000000.0,265777000000.0,,3920000000.0,1039000000.0,42820000000.0,,532107975.0,214000000.0,,,,,,,0.8612429803270932,,0.26505102040816325,0.003366850617471978,,
2013-09-30,2014-11-05,10-Q,2014,Q3,,,,3920000000.0,1028000000.0,42747000000.0,,526209756.0,214000000.0,,,,,,,,,0.26224489795918365,,,
2013-10-31,2013-11-06,10-Q,2013,Q3,,,,,,,,532107975.0,,,,,,,,,,,,,
2013-12-31,2014-03-03,10-K,2013,FY,320296000000.0,276199000000.0,,16012000000.0,4227000000.0,44097000000.0,,534064610.0,860000000.0,,,,,,,0.8623242250917901,,0.2639895078690982,0.013197167619951544,,
2013-12-31,2014-05-08,10-Q,2014,Q1,320192000000.0,276155000000.0,,,,44037000000.0,,534128758.0,,,,,,,,0.8624668948630821,,,,,
2013-12-31,2014-08-07,10-Q,2014,Q2,320192000000.0,276155000000.0,,,,44037000000.0,,540566475.0,,,,,,,,0.8624668948630821,,,,,
2013-12-31,2014-11-05,10-Q,2014,Q3,320192000000.0,276155000000.0,,,,44037000000.0,,526209756.0,,,,,,,,0.8624668948630821,,,,,
2013-12-31,2015-03-02,10-K,2014,FY,320192000000.0,276155000000.0,,16012000000.0,4212000000.0,44037000000.0,,520689714.0,860000000.0,,,,,,,0.8624668948630821,,0.2630527104671496,0.013154607235658604,,
2013-12-31,2015-05-07,10-Q,2015,Q1,,,,,,44037000000.0,,517920355.0,,,,,,,,,,,,,
2013-12-31,2015-08-05,10-Q,2015,Q2,,,,,,44037000000.0,,513599824.0,,,,,,,,,,,,,
2013-12-31,2015-11-05,10-Q,2015,Q3,,,,,,44037000000.0,,507805789.0,,,,,,,,,,,,,
2013-12-31,2016-02-29,10-K,2015,FY,,,,16012000000.0,4212000000.0,44037000000.0,,501105185.0,860000000.0,,,,,,,,,0.2630527104671496,,,
2013-12-31,2017-02-28,10-K,2016,FY,,,,,,44039000000.0,,486156269.0,,,,,,,,,,,,,
2014-02-19,2014-03-03,10-K,2013,FY,,,,,,,,534064610.0,,,,,,,,,,,,,
2014-03-31,2014-05-08,10-Q,2014,Q1,323423000000.0,278505000000.0,,3777000000.0,1060000000.0,44918000000.0,,534128758.0,215000000.0,,,,,,,0.861116865529044,,0.28064601535610273,0.003277441616706295,,
2014-03-31,2015-05-07,10-Q,2015,Q1,,,,3777000000.0,1060000000.0,44918000000.0,,517920355.0,215000000.0,,,,,,,,,0.28064601535610273,,,
2014-04-20,2014-05-08,10-Q,2014,Q1,,,,,,,,534128758.0,,,,,,,,,,,,,
2014-06-30,2014-08-07,10-Q,2014,Q2,327064000000.0,281271000000.0,,3810000000.0,1052000000.0,45793000000.0,,540566475.0,227000000.0,,,,,,,0.8599876476775188,,0.2761154855643045,0.0032164958540224545,,
2014-06-30,2015-08-05,10-Q,2015,Q2,,,,3810000000.0,1052000000.0,45793000000.0,,513599824.0,227000000.0,,,,,,,,,0.2761154855643045,,,
2014-07-25,2014-08-07,10-Q,2014,Q2,,,,,,,,540566475.0,,,,,,,,,,,,,
2014-09-30,2014-11-05,10-Q,2014,Q3,334424000000.0,288429000000.0,,3841000000.0,1038000000.0,45995000000.0,,526209756.0,224000000.0,,,,,,,0.8624650144726455,,0.27024212444675866,0.003103844221706576,,
2014-09-30,2015-11-05,10-Q,2015,Q3,,,,3841000000.0,1038000000.0,45995000000.0,,507805789.0,224000000.0,,,,,,,,,0.27024212444675866,,,
2014-10-24,2014-11-05,10-Q,2014,Q3,,,,,,,,526209756.0,,,,,,,,,,,,,
2014-12-31,2015-03-02,10-K,2014,FY,345072000000.0,298998000000.0,,15375000000.0,4207000000.0,46074000000.0,,520689714.0,906000000.0,,,,,,,0.8664800389483934,,0.2736260162601626,0.012191658552418046,,
2014-12-31,2015-05-07,10-Q,2015,Q1,345072000000.0,298998000000.0,,,,46074000000.0,,517920355.0,,,,,,,,0.8664800389483934,,,,,
2014-12-31,2015-08-05,10-Q,2015,Q2,345072000000.0,298998000000.0,,,,46074000000.0,,513599824.0,,,,,,,,0.8664800389483934,,,,,
2014-12-31,2015-11-05,10-Q,2015,Q3,345072000000.0,298998000000.0,,,,46074000000.0,,507805789.0,,,,,,,,0.8664800389483934,,,,,
2014-12-31,2016-02-29,10-K,2015,FY,345072000000.0,298998000000.0,,15375000000.0,4207000000.0,46074000000.0,,501105185.0,906000000.0,,,,,,,0.8664800389483934,,0.2736260162601626,0.012191658552418046,,
2014-12-31,2016-05-04,10-Q,2016,Q1,,,,,,46074000000.0,,499323737.0,,,,,,,,,,,,,
2014-12-31,2016-08-03,10-Q,2016,Q2,,,,,,46074000000.0,,491409134.0,,,,,,,,,,,,,
2014-12-31,2016-11-04,10-Q,2016,Q3,,,,,,46074000000.0,,486501562.0,,,,,,,,,,,,,
2014-12-31,2017-02-28,10-K,2016,FY,,,,15375000000.0,4207000000.0,46074000000.0,,486156269.0,906000000.0,,,,,,,,,0.2736260162601626,,,
2014-12-31,2018-02-28,10-K,2017,FY,,,,,,46074000000.0,,471590384.0,,,,,,,,,,,,,
2015-02-13,2015-03-02,10-K,2014,FY,,,,,,,,520689714.0,,,,,,,,,,,,,
2015-03-31,2015-05-07,10-Q,2015,Q1,350960000000.0,304522000000.0,,3731000000.0,1004000000.0,46438000000.0,,517920355.0,247000000.0,,,,,,,0.8676829268292683,,0.2690967569016349,0.0028607248689309322,,
2015-03-31,2016-05-04,10-Q,2016,Q1,,,,3731000000.0,1004000000.0,46438000000.0,,499323737.0,247000000.0,,,,,,,,,0.2690967569016349,,,
2015-04-24,2015-05-07,10-Q,2015,Q1,,,,,,,,517920355.0,,,,,,,,,,,,,
2015-06-30,2015-08-05,10-Q,2015,Q2,353945000000.0,308033000000.0,,3866000000.0,1044000000.0,45912000000.0,,513599824.0,253000000.0,,,,,,,0.870284931274633,,0.27004655975168135,0.002949610815239656,,
2015-06-30,2016-08-03,10-Q,2016,Q2,,,,3866000000.0,1044000000.0,45912000000.0,,491409134.0,253000000.0,,,,,,,,,0.27004655975168135,,,
2015-07-24,2015-08-05,10-Q,2015,Q2,,,,,,,,513599824.0,,,,,,,,,,,,,
2015-09-30,2015-11-05,10-Q,2015,Q3,362125000000.0,315847000000.0,,3775000000.0,1073000000.0,46278000000.0,,507805789.0,279000000.0,,,,,,,0.8722043493268898,,0.2842384105960265,0.0029630652399033485,,
2015-09-30,2016-11-04,10-Q,2016,Q3,,,,3775000000.0,1073000000.0,46278000000.0,,486501562.0,279000000.0,,,,,,,,,0.2842384105960265,,,
2015-10-23,2015-11-05,10-Q,2015,Q3,,,,,,,,507805789.0,,,,,,,,,,,,,
2015-12-31,2016-02-29,10-K,2015,FY,358493000000.0,312513000000.0,,15225000000.0,4143000000.0,45980000000.0,,501105185.0,1045000000.0,,,,,,,0.8717408708119824,,0.2721182266009852,0.011556711009698933,,
2015-12-31,2016-05-04,10-Q,2016,Q1,358493000000.0,312513000000.0,,,,45980000000.0,,499323737.0,,,,,,,,0.8717408708119824,,,,,
2015-12-31,2016-08-03,10-Q,2016,Q2,358493000000.0,312513000000.0,,,,45980000000.0,,491409134.0,,,,,,,,0.8717408708119824,,,,,
2015-12-31,2016-11-04,10-Q,2016,Q3,358493000000.0,312513000000.0,,,,45980000000.0,,486501562.0,,,,,,,,0.8717408708119824,,,,,
2015-12-31,2017-02-28,10-K,2016,FY,358493000000.0,312513000000.0,,15225000000.0,4143000000.0,45980000000.0,,486156269.0,1045000000.0,,,,,,,0.8717408708119824,,0.2721182266009852,0.011556711009698933,,
2015-12-31,2017-05-03,10-Q,2017,Q1,,,,,,45980000000.0,,483901441.0,,,,,,,,,,,,,
2015-12-31,2017-08-02,10-Q,2017,Q2,,,,,,45980000000.0,,479206546.0,,,,,,,,,,,,,
2015-12-31,2017-10-31,10-Q,2017,Q3,,,,,,45980000000.0,,475801081.0,,,,,,,,,,,,,
2015-12-31,2018-02-28,10-K,2017,FY,,,,15225000000.0,4143000000.0,45980000000.0,,471590384.0,1045000000.0,,,,,,,,,0.2721182266009852,,,
2015-12-31,2019-03-01,10-K,2018,FY,,,,,,45980000000.0,,453612522.0,,,,,,,,,,,,,
2016-02-12,2016-02-29,10-K,2015,FY,,,,,,,,501105185.0,,,,,,,,,,,,,
2016-03-31,2016-05-04,10-Q,2016,Q1,360985000000.0,314657000000.0,,3665000000.0,943000000.0,46328000000.0,,499323737.0,309000000.0,,,,,,,0.8716622574345194,,0.2572987721691678,0.0026122969098438995,,
2016-03-31,2017-05-03,10-Q,2017,Q1,,,,3665000000.0,943000000.0,46328000000.0,,483901441.0,309000000.0,,,,,,,,,0.2572987721691678,,,
2016-04-22,2016-05-04,10-Q,2016,Q1,,,,,,,,499323737.0,,,,,,,,,,,,,
2016-06-30,2016-08-03,10-Q,2016,Q2,361335000000.0,314636000000.0,,3794000000.0,989000000.0,46699000000.0,,491409134.0,316000000.0,,,,,,,0.8707598212185368,,0.2606747496046389,0.002737072245976725,,
2016-06-30,2017-08-02,10-Q,2017,Q2,,,,3794000000.0,989000000.0,46699000000.0,,479206546.0,316000000.0,,,,,,,,,0.2606747496046389,,,
2016-07-22,2016-08-03,10-Q,2016,Q2,,,,,,,,491409134.0,,,,,,,,,,,,,
2016-09-30,2016-11-04,10-Q,2016,Q3,369348000000.0,322503000000.0,,3829000000.0,1006000000.0,46845000000.0,,486501562.0,313000000.0,,,,,,,0.8731683940348939,,0.26273178375554973,0.0027237185526928533,,
2016-09-30,2017-10-31,10-Q,2017,Q3,,,,3829000000.0,1006000000.0,46845000000.0,,475801081.0,313000000.0,,,,,,,,,0.26273178375554973,,,
2016-10-21,2016-11-04,10-Q,2016,Q3,,,,,,,,486501562.0,,,,,,,,,,,,,
2016-12-31,2017-02-28,10-K,2016,FY,366380000000.0,319526000000.0,,15162000000.0,3985000000.0,46854000000.0,,486156269.0,1261000000.0,,,,,,,0.8721163818985752,,0.26282812293892627,0.010876685408592173,,
2016-12-31,2017-05-03,10-Q,2017,Q1,366380000000.0,319526000000.0,,,,46854000000.0,,483901441.0,,,,,,,,0.8721163818985752,,,,,
2016-12-31,2017-08-02,10-Q,2017,Q2,366380000000.0,319526000000.0,,,,46854000000.0,,479206546.0,,,,,,,,0.8721163818985752,,,,,
2016-12-31,2017-10-31,10-Q,2017,Q3,366380000000.0,319526000000.0,,,,46854000000.0,,475801081.0,,,,,,,,0.8721163818985752,,,,,
2016-12-31,2018-02-28,10-K,2017,FY,366380000000.0,319526000000.0,,15162000000.0,3985000000.0,46854000000.0,,471590384.0,1261000000.0,,,,,,,0.8721163818985752,,0.26282812293892627,0.010876685408592173,,
2016-12-31,2018-05-03,10-Q,2018,Q1,,,,,,46854000000.0,,469498755.0,,,,,,,,,,,,,
2016-12-31,2018-08-02,10-Q,2018,Q2,,,,,,46854000000.0,,464302343.0,,,,,,,,,,,,,
2016-12-31,2018-11-01,10-Q,2018,Q3,,,,,,46854000000.0,,461424528.0,,,,,,,,,,,,,
2016-12-31,2019-03-01,10-K,2018,FY,,,,15162000000.0,3985000000.0,46854000000.0,,453612522.0,1261000000.0,,,,,,,,,0.26282812293892627,,,
2016-12-31,2020-03-02,10-K,2019,FY,,,,,,46854000000.0,,428726784.0,,,,,,,,,,,,,
2017-02-10,2017-02-28,10-K,2016,FY,,,,,,,,486156269.0,,,,,,,,,,,,,
2017-03-31,2017-05-03,10-Q,2017,Q1,370944000000.0,325041000000.0,,3884000000.0,1074000000.0,45903000000.0,,483901441.0,360000000.0,,,,,,,0.8762535584886129,,0.276519052523172,0.002895315734989648,,
2017-03-31,2018-05-03,10-Q,2018,Q1,,,,3884000000.0,1074000000.0,45903000000.0,,469498755.0,360000000.0,,,,,,,,,0.276519052523172,,,
2017-04-21,2017-05-03,10-Q,2017,Q1,,,,,,,,483901441.0,,,,,,,,,,,,,
2017-06-30,2017-08-02,10-Q,2017,Q2,372190000000.0,326005000000.0,,4060000000.0,1097000000.0,46185000000.0,,479206546.0,416000000.0,,,,,,,0.8759101534162659,,0.2701970443349754,0.002947419328837422,,
2017-06-30,2018-08-02,10-Q,2018,Q2,,,,4060000000.0,1097000000.0,46185000000.0,,464302343.0,416000000.0,,,,,,,,,0.2701970443349754,,,
2017-07-21,2017-08-02,10-Q,2017,Q2,,,,,,,,479206546.0,,,,,,,,,,,,,
2017-09-30,2017-10-31,10-Q,2017,Q3,375191000000.0,328739000000.0,,4125000000.0,1126000000.0,46452000000.0,,475801081.0,450000000.0,,,,,,,0.8761910600200964,,0.272969696969697,0.003001138087001021,,
2017-09-30,2018-11-01,10-Q,2018,Q3,,,,4125000000.0,1126000000.0,46452000000.0,,461424528.0,450000000.0,,,,,,,,,0.272969696969697,,,
2017-10-20,2017-10-31,10-Q,2017,Q3,,,,,,,,475801081.0,,,,,,,,,,,,,
2017-12-31,2018-02-28,10-K,2017,FY,380768000000.0,333183000000.0,,16329000000.0,5388000000.0,47585000000.0,,471590384.0,1706000000.0,,,,,,,0.8750288889822674,,0.3299650927797171,0.0141503487688041,,
2017-12-31,2018-05-03,10-Q,2018,Q1,380768000000.0,333183000000.0,,,,47585000000.0,,469498755.0,,,,,,,,0.8750288889822674,,,,,
2017-12-31,2018-08-02,10-Q,2018,Q2,380768000000.0,333183000000.0,,,,47585000000.0,,464302343.0,,,,,,,,0.8750288889822674,,,,,
2017-12-31,2018-11-01,10-Q,2018,Q3,380768000000.0,333183000000.0,,,,47585000000.0,,461424528.0,,,,,,,,0.8750288889822674,,,,,
2017-12-31,2019-03-01,10-K,2018,FY,380768000000.0,333183000000.0,,16329000000.0,5388000000.0,47585000000.0,,453612522.0,1706000000.0,,,,,,,0.8750288889822674,,0.3299650927797171,0.0141503487688041,,
2017-12-31,2019-05-03,10-Q,2019,Q1,,,,,,47585000000.0,,451437916.0,,,,,,,,,,,,,
2017-12-31,2019-11-04,10-Q,2019,Q3,,,,,,47585000000.0,,438170412.0,,,,,,,,,,,,,
2017-12-31,2020-03-02,10-K,2019,FY,,,,16329000000.0,5388000000.0,47585000000.0,,428726784.0,1706000000.0,,,,,,,,,0.3299650927797171,,,
2017-12-31,2021-02-26,10-K,2020,FY,,,,,,47585000000.0,5249000000.0,424020492.0,,,,,,,,,,,,,
2018-01-01,2019-03-01,10-K,2018,FY,,,,,,47569000000.0,,453612522.0,,,,,,,,,,,,,
2018-01-01,2019-05-03,10-Q,2019,Q1,,,,,,47569000000.0,,451437916.0,,,,,,,,,,,,,
2018-01-01,2019-08-01,10-Q,2019,Q2,,,,,,47569000000.0,,445256904.0,,,,,,,,,,,,,
2018-02-09,2018-02-28,10-K,2017,FY,,,,,,,,471590384.0,,,,,,,,,,,,,
2018-03-31,2018-05-03,10-Q,2018,Q1,379161000000.0,332126000000.0,,4111000000.0,1239000000.0,47035000000.0,,469498755.0,557000000.0,,,,,,,0.8759497944145099,,0.301386523960107,0.0032677411442632548,,
2018-03-31,2019-05-03,10-Q,2019,Q1,,,,4111000000.0,1239000000.0,47035000000.0,,451437916.0,557000000.0,,,,,,,,,0.301386523960107,,,
2018-03-31,2019-08-01,10-Q,2019,Q2,,,,,,47035000000.0,,445256904.0,,,,,,,,,,,,,
2018-04-20,2018-05-03,10-Q,2018,Q1,,,,,,,,469498755.0,,,,,,,,,,,,,
2018-06-30,2018-08-02,10-Q,2018,Q2,380711000000.0,333736000000.0,,4324000000.0,1356000000.0,46975000000.0,,464302343.0,669000000.0,,,,,,,0.8766124435595504,,0.3135985198889917,0.003561756818163909,,
2018-06-30,2019-08-01,10-Q,2019,Q2,,,,4324000000.0,1356000000.0,46975000000.0,,445256904.0,669000000.0,,,,,,,,,0.3135985198889917,,,
2018-06-30,2019-11-04,10-Q,2019,Q3,,,,,,46975000000.0,,438170412.0,,,,,,,,,,,,,
2018-07-20,2018-08-02,10-Q,2018,Q2,,,,,,,,464302343.0,,,,,,,,,,,,,
2018-09-30,2018-11-01,10-Q,2018,Q3,380080000000.0,332978000000.0,,4357000000.0,1400000000.0,47102000000.0,,461424528.0,757000000.0,,,,,,,0.8760734582193223,,0.3213220105577232,0.0036834350663018313,,
2018-09-30,2019-11-04,10-Q,2019,Q3,,,,4357000000.0,1400000000.0,47102000000.0,,438170412.0,757000000.0,,,,,,,,,0.3213220105577232,,,
2018-10-19,2018-11-01,10-Q,2018,Q3,,,,,,,,461424528.0,,,,,,,,,,,,,
2018-12-31,2019-03-01,10-K,2018,FY,382315000000.0,334545000000.0,,17132000000.0,5346000000.0,47770000000.0,,453612522.0,2861000000.0,,,,,,,0.8750506781057505,,0.31204763016577164,0.01398323372088461,,
2018-12-31,2019-05-03,10-Q,2019,Q1,382315000000.0,334545000000.0,,,,47770000000.0,,451437916.0,,,,,,,,0.8750506781057505,,,,,
2018-12-31,2019-08-01,10-Q,2019,Q2,382315000000.0,334545000000.0,,,,47770000000.0,,445256904.0,,,,,,,,0.8750506781057505,,,,,
2018-12-31,2019-11-04,10-Q,2019,Q3,382315000000.0,334545000000.0,,,,47770000000.0,,438170412.0,,,,,,,,0.8750506781057505,,,,,
2018-12-31,2020-03-02,10-K,2019,FY,382315000000.0,334545000000.0,,17132000000.0,5346000000.0,47770000000.0,,428726784.0,2861000000.0,,,,,,,0.8750506781057505,,0.31204763016577164,0.01398323372088461,,
2018-12-31,2020-05-05,10-Q,2020,Q1,,,,,,47770000000.0,5608000000.0,424260434.0,,,,,,,,,,,,,
2018-12-31,2020-08-04,10-Q,2020,Q2,,,,,,47770000000.0,5608000000.0,424502851.0,,,,,,,,,,,,,
2018-12-31,2020-11-03,10-Q,2020,Q3,,,,,,47770000000.0,5608000000.0,423701045.0,,,,,,,,,,,,,
2018-12-31,2021-02-26,10-K,2020,FY,,,,16190000000.0,5346000000.0,47770000000.0,5608000000.0,424020492.0,2861000000.0,,,,,,,,,0.33020382952439775,,,
2018-12-31,2022-02-25,10-K,2021,FY,,,,,,47770000000.0,5608000000.0,418454799.0,,,,,,,,,,,,,
2019-01-01,2019-05-03,10-Q,2019,Q1,,,,,,47832000000.0,,451437916.0,,,,,,,,,,,,,
2019-01-01,2019-08-01,10-Q,2019,Q2,,,,,,47832000000.0,,445256904.0,,,,,,,,,,,,,
2019-02-08,2019-03-01,10-K,2018,FY,,,,,,,,453612522.0,,,,,,,,,,,,,
2019-03-31,2019-05-03,10-Q,2019,Q1,392837000000.0,344262000000.0,,4286000000.0,1271000000.0,48575000000.0,,451437916.0,953000000.0,,,,,,,0.8763482054898087,,0.29654689687354174,0.003235438617034546,,
2019-03-31,2019-08-01,10-Q,2019,Q2,,,,,,48575000000.0,,445256904.0,,,,,,,,,,,,,
2019-03-31,2020-05-05,10-Q,2020,Q1,,,,4286000000.0,1271000000.0,48575000000.0,5062000000.0,424260434.0,953000000.0,,,,,,,,,0.29654689687354174,,,
2019-04-19,2019-05-03,10-Q,2019,Q1,,,,,,,,451437916.0,,,,,,,,,,,,,
2019-06-30,2019-08-01,10-Q,2019,Q2,405761000000.0,356380000000.0,,4439000000.0,1374000000.0,49381000000.0,,445256904.0,999000000.0,,,,,,,0.8783002802142148,,0.30952917323721557,0.003386229824946212,,
2019-06-30,2019-11-04,10-Q,2019,Q3,,,,,,49381000000.0,,438170412.0,,,,,,,,,,,,,
2019-06-30,2020-08-04,10-Q,2020,Q2,,,,4215000000.0,1374000000.0,49381000000.0,5416000000.0,424502851.0,999000000.0,,,,,,,,,0.32597864768683277,,,
2019-07-19,2019-08-01,10-Q,2019,Q2,,,,,,,,445256904.0,,,,,,,,,,,,,
2019-09-30,2019-11-04,10-Q,2019,Q3,408916000000.0,359461000000.0,,4493000000.0,1392000000.0,49455000000.0,,438170412.0,999000000.0,,,,,,,0.8790582907002905,,0.30981526819496996,0.0034041221179900026,,
2019-09-30,2020-11-03,10-Q,2020,Q3,,,,4242000000.0,1392000000.0,49455000000.0,5671000000.0,423701045.0,999000000.0,,,,,,,,,0.32814710042432815,,,
2019-10-17,2019-11-04,10-Q,2019,Q3,,,,,,,,438170412.0,,,,,,,,,,,,,
2019-12-31,2020-03-02,10-K,2019,FY,410295000000.0,360952000000.0,,17827000000.0,5418000000.0,49343000000.0,,428726784.0,3797000000.0,,,,,,,0.8797377496679218,,0.30392101867953103,0.013205132892187329,,
2019-12-31,2020-05-05,10-Q,2020,Q1,410295000000.0,360952000000.0,,,,49343000000.0,5061000000.0,424260434.0,,,,,,,,0.8797377496679218,,,,,0.012335027236500566
2019-12-31,2020-08-04,10-Q,2020,Q2,410295000000.0,360952000000.0,,,,49343000000.0,5061000000.0,424502851.0,,,,,,,,0.8797377496679218,,,,,0.012335027236500566
2019-12-31,2020-11-03,10-Q,2020,Q3,410295000000.0,360952000000.0,,,,49343000000.0,5061000000.0,423701045.0,,,,,,,,0.8797377496679218,,,,,0.012335027236500566
2019-12-31,2021-02-26,10-K,2020,FY,410295000000.0,360952000000.0,,16839000000.0,5418000000.0,49343000000.0,5061000000.0,424020492.0,3797000000.0,,,,,,,0.8797377496679218,,0.32175307322287544,0.013205132892187329,,0.012335027236500566
2019-12-31,2021-05-05,10-Q,2021,Q1,,,,,,49343000000.0,5061000000.0,424858349.0,,,,,,,,,,,,,
2019-12-31,2021-08-06,10-Q,2021,Q2,,,,,,49343000000.0,5061000000.0,424993233.0,,,,,,,,,,,,,
2019-12-31,2021-11-03,10-Q,2021,Q3,,,,,,49343000000.0,5061000000.0,422640807.0,,,,,,,,,,,,,
2019-12-31,2022-02-25,10-K,2021,FY,,,,16839000000.0,5418000000.0,49343000000.0,5061000000.0,418454799.0,3797000000.0,,,,,,,,,0.32175307322287544,,,
2019-12-31,2023-02-22,10-K,2022,FY,,,,,,49343000000.0,5061000000.0,399682159.0,,,,,,,,,,,,,
2020-02-06,2020-03-02,10-K,2019,FY,,,,,,,,428726784.0,,,,,,,,,,,,,
2020-03-31,2020-05-05,10-Q,2020,Q1,445493000000.0,396203000000.0,,4517000000.0,915000000.0,49290000000.0,7493000000.0,424260434.0,689000000.0,,,,,,,0.8893585308860071,,0.2025680761567412,0.0020539043262183692,,0.016819568433174035
2020-03-31,2020-08-04,10-Q,2020,Q2,,,,,,49290000000.0,,424502851.0,,,,,,,,,,,,,
2020-03-31,2021-05-05,10-Q,2021,Q1,,,,4336000000.0,915000000.0,49290000000.0,7493000000.0,424858349.0,689000000.0,,,,,,,,,0.21102398523985239,,,
2020-03-31,2021-08-06,10-Q,2021,Q2,,,,,,49290000000.0,,424993233.0,,,,,,,,,,,,,
2020-04-16,2020-05-05,10-Q,2020,Q1,,,,,,,,424260434.0,,,,,,,,,,,,,
2020-06-30,2020-08-04,10-Q,2020,Q2,458978000000.0,406030000000.0,,4076000000.0,3655000000.0,52948000000.0,6338000000.0,424502851.0,328000000.0,,,,,,,0.8846393509057079,,0.8967124631992149,0.007963344648327372,,0.013808940733542784
2020-06-30,2020-11-03,10-Q,2020,Q3,,,,,,52948000000.0,,423701045.0,,,,,,,,,,,,,
2020-06-30,2021-08-06,10-Q,2021,Q2,,,,4076000000.0,3655000000.0,52948000000.0,6338000000.0,424993233.0,328000000.0,,,,,,,,,0.8967124631992149,,,
2020-06-30,2021-11-03,10-Q,2021,Q3,,,,,,52948000000.0,,422640807.0,,,,,,,,,,,,,
2020-07-17,2020-08-04,10-Q,2020,Q2,,,,,,,,424502851.0,,,,,,,,,,,,,
2020-09-30,2020-11-03,10-Q,2020,Q3,461817000000.0,408507000000.0,,4281000000.0,1532000000.0,53310000000.0,6629000000.0,423701045.0,192000000.0,,,,,,,0.884564665224537,,0.35786031301097876,0.0033173313238793723,,0.014354170591381435
2020-09-30,2021-11-03,10-Q,2021,Q3,,,,4281000000.0,1532000000.0,53310000000.0,6629000000.0,422640807.0,192000000.0,,,,,,,,,0.35786031301097876,,,
2020-10-16,2020-11-03,10-Q,2020,Q3,,,,,,,,423701045.0,,,,,,,,,,,,,
2020-12-31,2021-02-26,10-K,2020,FY,466679000000.0,412638000000.0,,16901000000.0,7558000000.0,54041000000.0,7017000000.0,424020492.0,1361000000.0,,,,,,,0.8842009175471791,,0.4471924738181173,0.01619528626743436,,0.015036031190604248
2020-12-31,2021-05-05,10-Q,2021,Q1,466679000000.0,412638000000.0,,,,54041000000.0,7017000000.0,424858349.0,,,,,,,,0.8842009175471791,,,,,0.015036031190604248
2020-12-31,2021-08-06,10-Q,2021,Q2,466679000000.0,412638000000.0,,,,54041000000.0,7017000000.0,424993233.0,,,,,,,,0.8842009175471791,,,,,0.015036031190604248
2020-12-31,2021-11-03,10-Q,2021,Q3,466679000000.0,412638000000.0,,,,54041000000.0,7017000000.0,422640807.0,,,,,,,,0.8842009175471791,,,,,0.015036031190604248
2020-12-31,2022-02-25,10-K,2021,FY,466679000000.0,412638000000.0,,16901000000.0,7558000000.0,54041000000.0,7017000000.0,418454799.0,1361000000.0,,,,,,,0.8842009175471791,,0.4471924738181173,0.01619528626743436,,0.015036031190604248
2020-12-31,2022-05-04,10-Q,2022,Q1,,,,,,54041000000.0,7017000000.0,413580759.0,,,,,,,,,,,,,
2020-12-31,2022-08-02,10-Q,2022,Q2,,,,,,54041000000.0,7017000000.0,410124004.0,,,,,,,,,,,,,
2020-12-31,2022-11-02,10-Q,2022,Q3,,,,,,54041000000.0,7017000000.0,403319033.0,,,,,,,,,,,,,
2020-12-31,2023-02-22,10-K,2022,FY,,,,16901000000.0,7558000000.0,54041000000.0,7017000000.0,399682159.0,1361000000.0,,,,,,,,,0.4471924738181173,,,
2020-12-31,2024-02-21,10-K,2023,FY,,,,,,54041000000.0,7017000000.0,397808112.0,,,,,,,,,,,,,
2021-02-05,2021-02-26,10-K,2020,FY,,,,,,,,424020492.0,,,,,,,,,,,,,
2021-03-31,2021-05-05,10-Q,2021,Q1,474414000000.0,420535000000.0,,4220000000.0,1826000000.0,53879000000.0,7455000000.0,424858349.0,135000000.0,,,,,,,0.8864304173148347,,0.4327014218009479,0.0038489589261699697,,0.015714123107665456
2021-03-31,2021-08-06,10-Q,2021,Q2,,,,,,53879000000.0,,424993233.0,,,,,,,,,,,,,
2021-03-31,2022-05-04,10-Q,2022,Q1,,,,4220000000.0,1826000000.0,53879000000.0,7455000000.0,413580759.0,135000000.0,,,,,,,,,0.4327014218009479,,,
2021-03-31,2022-08-02,10-Q,2022,Q2,,,,,,53879000000.0,,410124004.0,,,,,,,,,,,,,
2021-04-16,2021-05-05,10-Q,2021,Q1,,,,,,,,424858349.0,,,,,,,,,,,,,
2021-06-30,2021-08-06,10-Q,2021,Q2,554212000000.0,499527000000.0,,4667000000.0,1103000000.0,54685000000.0,8724000000.0,424993233.0,120000000.0,,,,,,,0.9013283725361414,,0.2363402614098993,0.0019902131314370676,,0.015741268684185836
2021-06-30,2021-11-03,10-Q,2021,Q3,,,,,,54685000000.0,,422640807.0,,,,,,,,,,,,,
2021-06-30,2022-08-02,10-Q,2022,Q2,,,,4667000000.0,1103000000.0,54685000000.0,8724000000.0,410124004.0,120000000.0,,,,,,,,,0.2363402614098993,,,
2021-06-30,2022-11-02,10-Q,2022,Q3,,,,,,54685000000.0,,403319033.0,,,,,,,,,,,,,
2021-07-16,2021-08-06,10-Q,2021,Q2,,,,,,,,424993233.0,,,,,,,,,,,,,
2021-09-30,2021-11-03,10-Q,2021,Q3,553515000000.0,497218000000.0,,5197000000.0,1490000000.0,56297000000.0,8843000000.0,422640807.0,119000000.0,,,,,,,0.8982918258764442,,0.28670386761593225,0.0026918873020604682,,0.0159760801423629
2021-09-30,2022-11-02,10-Q,2022,Q3,,,,5197000000.0,1490000000.0,56297000000.0,8843000000.0,403319033.0,119000000.0,,,,,,,,,0.28670386761593225,,,
2021-10-15,2021-11-03,10-Q,2021,Q3,,,,,,,,422640807.0,,,,,,,,,,,,,
2021-12-31,2022-02-25,10-K,2021,FY,557191000000.0,501465000000.0,,19211000000.0,5725000000.0,55726000000.0,8004000000.0,418454799.0,487000000.0,,,,,,,0.8999876164546807,,0.2980063505283431,0.010274753181584053,,0.014364912570375329
2021-12-31,2022-05-04,10-Q,2022,Q1,557191000000.0,501465000000.0,,,,55726000000.0,8004000000.0,413580759.0,,,,,,,,0.8999876164546807,,,,,0.014364912570375329
2021-12-31,2022-08-02,10-Q,2022,Q2,557191000000.0,501465000000.0,,,,55726000000.0,8004000000.0,410124004.0,,,,,,,,0.8999876164546807,,,,,0.014364912570375329
2021-12-31,2022-11-02,10-Q,2022,Q3,557191000000.0,501465000000.0,,,,55726000000.0,8004000000.0,403319033.0,,,,,,,,0.8999876164546807,,,,,0.014364912570375329
2021-12-31,2023-02-22,10-K,2022,FY,557191000000.0,501465000000.0,,19211000000.0,5725000000.0,55726000000.0,8004000000.0,399682159.0,487000000.0,,,,,,,0.8999876164546807,,0.2980063505283431,0.010274753181584053,,0.014364912570375329
2021-12-31,2023-05-02,10-Q,2023,Q1,,,,,,55726000000.0,8004000000.0,399108019.0,,,,,,,,,,,,,
2021-12-31,2023-08-02,10-Q,2023,Q2,,,,,,55726000000.0,8004000000.0,398254594.0,,,,,,,,,,,,,
2021-12-31,2023-11-02,10-Q,2023,Q3,,,,,,55726000000.0,8004000000.0,398341110.0,,,,,,,,,,,,,
2021-12-31,2024-02-21,10-K,2023,FY,,,,19211000000.0,5725000000.0,55726000000.0,8004000000.0,397808112.0,487000000.0,,,,,,,,,0.2980063505283431,,,
2021-12-31,2025-02-21,10-K,2024,FY,,,,,,55726000000.0,82254000000.0,395749583.0,,,,,,,,,,,,,
2022-02-04,2022-02-25,10-K,2021,FY,,,,,,,,418454799.0,,,,,,,,,,,,,
2022-03-31,2022-05-04,10-Q,2022,Q1,541246000000.0,492030000000.0,,4692000000.0,1429000000.0,49216000000.0,7572000000.0,413580759.0,110000000.0,,,,,,,0.9090690739515858,,0.3045609548167093,0.0026402042694079956,,0.013989941727052025
2022-03-31,2022-08-02,10-Q,2022,Q2,,,,,,49216000000.0,,410124004.0,,,,,,,,,,,,,
2022-03-31,2023-05-02,10-Q,2023,Q1,,,,4692000000.0,1429000000.0,49216000000.0,7572000000.0,399108019.0,110000000.0,,,,,,,,,0.3045609548167093,,,
2022-03-31,2023-08-02,10-Q,2023,Q2,,,,,,49216000000.0,,398254594.0,,,,,,,,,,,,,
2022-04-13,2022-05-04,10-Q,2022,Q1,,,,,,,,413580759.0,,,,,,,,,,,,,
2022-06-30,2022-08-02,10-Q,2022,Q2,540786000000.0,493098000000.0,,5116000000.0,1496000000.0,47688000000.0,8582000000.0,410124004.0,230000000.0,,,,,,,0.9118172437895952,,0.292415949960907,0.002766343803278931,,0.015869493662927666
2022-06-30,2022-11-02,10-Q,2022,Q3,,,,,,47688000000.0,,403319033.0,,,,,,,,,,,,,
2022-06-30,2023-08-02,10-Q,2023,Q2,,,,5116000000.0,1496000000.0,47688000000.0,8582000000.0,398254594.0,230000000.0,,,,,,,,,0.292415949960907,,,
2022-06-30,2023-11-02,10-Q,2023,Q3,,,,,,47688000000.0,,398341110.0,,,,,,,,,,,,,
2022-07-13,2022-08-02,10-Q,2022,Q2,,,,,,,,410124004.0,,,,,,,,,,,,,
2022-09-30,2022-11-02,10-Q,2022,Q3,559477000000.0,512754000000.0,,5549000000.0,1640000000.0,46723000000.0,6548000000.0,403319033.0,657000000.0,,,,,,,0.9164880772578676,,0.29554874752207605,0.0029313090618559834,,0.011703787644532304
2022-09-30,2023-11-02,10-Q,2023,Q3,,,,5549000000.0,1640000000.0,46723000000.0,6548000000.0,398341110.0,657000000.0,,,,,,,,,0.29554874752207605,,,
2022-10-17,2022-11-02,10-Q,2022,Q3,,,,,,,,403319033.0,,,,,,,,,,,,,
2022-12-31,2023-02-22,10-K,2022,FY,557263000000.0,511451000000.0,58726000000.0,21120000000.0,6113000000.0,45812000000.0,7043000000.0,399682159.0,2422000000.0,,,,,29363000000.0,58726000000.0,0.9177910609532662,,0.28944128787878787,0.010969685767761363,,0.012638556659961275
2022-12-31,2023-05-02,10-Q,2023,Q1,557263000000.0,511451000000.0,,,,45812000000.0,7043000000.0,399108019.0,,,,,,,,0.9177910609532662,,,,,0.012638556659961275
2022-12-31,2023-08-02,10-Q,2023,Q2,557263000000.0,511451000000.0,,,,45812000000.0,7043000000.0,398254594.0,,,,,,,,0.9177910609532662,,,,,0.012638556659961275
2022-12-31,2023-11-02,10-Q,2023,Q3,557263000000.0,511451000000.0,,,,45812000000.0,7043000000.0,398341110.0,,,,,,,,0.9177910609532662,,,,,0.012638556659961275
2022-12-31,2024-02-21,10-K,2023,FY,557263000000.0,511451000000.0,,21120000000.0,6113000000.0,45812000000.0,7043000000.0,397808112.0,2422000000.0,,,,,,,0.9177910609532662,,0.28944128787878787,0.010969685767761363,,0.012638556659961275
2022-12-31,2024-05-02,10-Q,2024,Q1,,,,,,45812000000.0,7043000000.0,397907180.0,,,,,,,,,,,,,
2022-12-31,2024-08-02,10-Q,2024,Q2,,,,,,45812000000.0,34363000000.0,397496265.0,,,,,,,,,,,,,
2022-12-31,2024-11-01,10-Q,2024,Q3,,,,,,45812000000.0,34363000000.0,396783428.0,,,,,,,,,,,,,
2022-12-31,2025-02-21,10-K,2024,FY,,,,21120000000.0,6113000000.0,45812000000.0,34363000000.0,395749583.0,,,,,,,,,,0.28944128787878787,,,
2022-12-31,2026-02-20,10-K,2025,FY,,,,,,45812000000.0,34363000000.0,403370923.0,,,,,,,,,,,,,
2023-02-03,2023-02-22,10-K,2022,FY,,,,,,,,399682159.0,,,,,,,,,,,,,
2023-03-31,2023-05-02,10-Q,2023,Q1,561777000000.0,512703000000.0,60833000000.0,5603000000.0,1694000000.0,49074000000.0,5940000000.0,399108019.0,2074000000.0,,,,,30416500000.0,60833000000.0,0.9126450531082618,,0.3023380331965019,0.003015431390035548,,0.010573590588436337
2023-03-31,2024-05-02,10-Q,2024,Q1,,,,5603000000.0,1694000000.0,49074000000.0,5940000000.0,397907180.0,2074000000.0,,,,,,,,,0.3023380331965019,,,
2023-03-31,2024-08-02,10-Q,2024,Q2,,,,,,49074000000.0,,397496265.0,,,,,,,,,,,,,
2023-04-18,2023-05-02,10-Q,2023,Q1,,,,,,,,399108019.0,,,,,,,,,,,,,
2023-06-30,2023-08-02,10-Q,2023,Q2,558207000000.0,508861000000.0,65384000000.0,5293000000.0,1500000000.0,49346000000.0,6191000000.0,398254594.0,2434000000.0,,,,,32692000000.0,65384000000.0,0.9115991021251972,,0.28339316077838655,0.002687175187699187,,0.01109086772469711
2023-06-30,2024-08-02,10-Q,2024,Q2,,,,5293000000.0,1500000000.0,49346000000.0,44450000000.0,397496265.0,,,,,,,,,,0.28339316077838655,,,
2023-06-30,2024-11-01,10-Q,2024,Q3,,,,,,49346000000.0,,396783428.0,,,,,,,,,,,,,
2023-07-17,2023-08-02,10-Q,2023,Q2,,,,,,,,398254594.0,,,,,,,,,,,,,
2023-09-30,2023-11-02,10-Q,2023,Q3,557334000000.0,507853000000.0,66167000000.0,5233000000.0,1570000000.0,49481000000.0,5300000000.0,398341110.0,2785000000.0,,,,,33083500000.0,66167000000.0,0.9112184076334837,,0.3000191094974202,0.00281698227633699,,0.009509558002921048
2023-09-30,2024-11-01,10-Q,2024,Q3,,,,5233000000.0,1570000000.0,49481000000.0,46784000000.0,396783428.0,,,,,,,,,,0.3000191094974202,,,
2023-10-17,2023-11-02,10-Q,2023,Q3,,,,,,,,398341110.0,,,,,,,,,,,,,
2023-12-31,2024-02-21,10-K,2023,FY,561580000000.0,510439000000.0,72737000000.0,21490000000.0,5647000000.0,51141000000.0,6921000000.0,397808112.0,10392000000.0,,,,,36368500000.0,72737000000.0,0.9089337227109228,,0.2627733829688227,0.010055557534100217,,0.012324156843192421
2023-12-31,2024-05-02,10-Q,2024,Q1,561580000000.0,510439000000.0,,,,51141000000.0,6921000000.0,397907180.0,,,,,,,,0.9089337227109228,,,,,0.012324156843192421
2023-12-31,2024-08-02,10-Q,2024,Q2,561580000000.0,510439000000.0,72737000000.0,,,51141000000.0,50725000000.0,397496265.0,,,,,,36368500000.0,72737000000.0,0.9089337227109228,,,,,0.09032551016774101
2023-12-31,2024-11-01,10-Q,2024,Q3,561580000000.0,510439000000.0,72737000000.0,,,51141000000.0,50725000000.0,396783428.0,,,,,,36368500000.0,72737000000.0,0.9089337227109228,,,,,0.09032551016774101
2023-12-31,2025-02-21,10-K,2024,FY,561580000000.0,510439000000.0,72737000000.0,21490000000.0,5647000000.0,51141000000.0,50725000000.0,395749583.0,,,,,,36368500000.0,72737000000.0,0.9089337227109228,,0.2627733829688227,0.010055557534100217,,0.09032551016774101
2023-12-31,2025-05-02,10-Q,2025,Q1,,,,,,51141000000.0,50725000000.0,395567009.0,,,,,,,,,,,,,
2023-12-31,2025-08-01,10-Q,2025,Q2,,,,,,51141000000.0,50725000000.0,393807382.0,,,,,,,,,,,,,
2023-12-31,2025-11-03,10-Q,2025,Q3,,,,,,51141000000.0,50725000000.0,392158451.0,,,,,,,,,,,,,
2023-12-31,2026-02-20,10-K,2025,FY,,,,21490000000.0,5647000000.0,51141000000.0,50725000000.0,403370923.0,,,,,,,,,,0.2627733829688227,,,
2024-02-02,2024-02-21,10-K,2023,FY,,,,,,,,397808112.0,,,,,,,,,,,,,
2024-03-31,2024-05-02,10-Q,2024,Q1,566162000000.0,514788000000.0,72707000000.0,5145000000.0,1344000000.0,51374000000.0,5933000000.0,397907180.0,3236000000.0,,,,,36353500000.0,72707000000.0,0.9092591872997481,,0.2612244897959184,0.0023738788544621506,,0.01047933277047912
2024-03-31,2024-08-02,10-Q,2024,Q2,,,,,,51374000000.0,,397496265.0,,,,,,,,,,,,,
2024-03-31,2025-05-02,10-Q,2025,Q1,,,,5145000000.0,1344000000.0,51374000000.0,59545000000.0,395567009.0,,,,,,,,,,0.2612244897959184,,,
2024-03-31,2025-08-01,10-Q,2025,Q2,,,,,,51374000000.0,,393807382.0,,,,,,,,,,,,,
2024-04-15,2024-05-02,10-Q,2024,Q1,,,,,,,,397907180.0,,,,,,,,,,,,,
2024-06-30,2024-08-02,10-Q,2024,Q2,556519000000.0,503838000000.0,71391000000.0,5411000000.0,1477000000.0,52681000000.0,39281000000.0,397496265.0,,,,,,35695500000.0,71391000000.0,0.9053383622122515,,0.2729624838292367,0.0026539974376436383,,0.07058339427764371
2024-06-30,2024-11-01,10-Q,2024,Q3,,,,,,52681000000.0,,396783428.0,,,,,,,,,,,,,
2024-06-30,2025-08-01,10-Q,2025,Q2,,,,5411000000.0,1477000000.0,52681000000.0,39281000000.0,393807382.0,,,,,,,,,,0.2729624838292367,,,
2024-06-30,2025-11-03,10-Q,2025,Q3,,,,,,52681000000.0,,392158451.0,,,,,,,,,,,,,
2024-07-15,2024-08-02,10-Q,2024,Q2,,,,,,,,397496265.0,,,,,,,,,,,,,
2024-09-30,2024-11-01,10-Q,2024,Q3,564881000000.0,509152000000.0,68069000000.0,5432000000.0,1505000000.0,55729000000.0,41186000000.0,396783428.0,,,,,,34034500000.0,68069000000.0,0.9013438228582658,,0.2770618556701031,0.002664277962969192,,0.07291093168295623
2024-09-30,2025-11-03,10-Q,2025,Q3,,,,5432000000.0,1505000000.0,55729000000.0,41186000000.0,392158451.0,,,,,,,,,,0.2770618556701031,,,
2024-10-16,2024-11-01,10-Q,2024,Q3,,,,,,,,396783428.0,,,,,,,,,,,,,
2024-12-31,2025-02-21,10-K,2024,FY,560038000000.0,505569000000.0,61673000000.0,21555000000.0,5953000000.0,54469000000.0,46251000000.0,395749583.0,,,,,,30836500000.0,61673000000.0,0.9027405283212925,,0.2761772210623985,0.010629635846139011,,0.08258546741471115
2024-12-31,2025-05-02,10-Q,2025,Q1,560038000000.0,505569000000.0,61673000000.0,,,54469000000.0,46251000000.0,395567009.0,,,,,,30836500000.0,61673000000.0,0.9027405283212925,,,,,0.08258546741471115
2024-12-31,2025-08-01,10-Q,2025,Q2,560038000000.0,505569000000.0,61673000000.0,,,54469000000.0,46251000000.0,393807382.0,,,,,,30836500000.0,61673000000.0,0.9027405283212925,,,,,0.08258546741471115
2024-12-31,2025-11-03,10-Q,2025,Q3,560038000000.0,505569000000.0,61673000000.0,,,54469000000.0,46251000000.0,392158451.0,,,,,,30836500000.0,61673000000.0,0.9027405283212925,,,,,0.08258546741471115
2024-12-31,2026-02-20,10-K,2025,FY,560038000000.0,505569000000.0,61673000000.0,21555000000.0,5953000000.0,54469000000.0,46251000000.0,403370923.0,,,,,,30836500000.0,61673000000.0,0.9027405283212925,,0.2761772210623985,0.010629635846139011,,0.08258546741471115
2024-12-31,2026-05-05,10-Q,2026,Q1,,,,,,54469000000.0,46251000000.0,401564632.0,,,,,,,,,,,,,
2025-02-03,2025-02-21,10-K,2024,FY,,,,,,,,395749583.0,,,,,,,,,,,,,
2025-03-31,2025-05-02,10-Q,2025,Q1,554722000000.0,498271000000.0,60722000000.0,5452000000.0,1499000000.0,56451000000.0,38400000000.0,395567009.0,,,,,,30361000000.0,60722000000.0,0.8982355125630496,,0.27494497432134996,0.0027022544625956786,,0.06922386348477255
2025-03-31,2025-08-01,10-Q,2025,Q2,,,,,,56451000000.0,,393807382.0,,,,,,,,,,,,,
2025-03-31,2026-05-05,10-Q,2026,Q1,,,,5452000000.0,1499000000.0,56451000000.0,38400000000.0,401564632.0,,,,,,,,,,0.27494497432134996,,,
2025-04-16,2025-05-02,10-Q,2025,Q1,,,,,,,,395567009.0,,,,,,,,,,,,,
2025-06-30,2025-08-01,10-Q,2025,Q2,559107000000.0,501452000000.0,60424000000.0,5661000000.0,1643000000.0,57655000000.0,30394000000.0,393807382.0,,,,,,30212000000.0,60424000000.0,0.8968802036104001,,0.2902314078784667,0.0029386146122298592,,0.054361687476636854
2025-06-30,2025-11-03,10-Q,2025,Q3,,,,,,57655000000.0,,392158451.0,,,,,,,,,,,,,
2025-07-15,2025-08-01,10-Q,2025,Q2,,,,,,,,393807382.0,,,,,,,,,,,,,
2025-09-30,2025-11-03,10-Q,2025,Q3,568767000000.0,509729000000.0,62344000000.0,5915000000.0,1822000000.0,59038000000.0,38871000000.0,392158451.0,,,,,,31172000000.0,62344000000.0,0.8962000256695624,,0.3080304311073542,0.0032034207329187524,,0.06834257261760968
2025-10-14,2025-11-03,10-Q,2025,Q3,,,,,,,,392158451.0,,,,,,,,,,,,,
2025-12-31,2026-02-20,10-K,2025,FY,573572000000.0,512936000000.0,57101000000.0,23099000000.0,6997000000.0,60636000000.0,39713000000.0,403370923.0,,,,,,28550500000.0,57101000000.0,0.8942835424323363,,0.30291354604095416,0.012198991582573766,,0.06923803811901558
2025-12-31,2026-05-05,10-Q,2026,Q1,573572000000.0,512936000000.0,57101000000.0,,,60636000000.0,39713000000.0,401564632.0,,,,,,28550500000.0,57101000000.0,0.8942835424323363,,,,,0.06923803811901558
2026-02-03,2026-02-20,10-K,2025,FY,,,,,,,,403370923.0,,,,,,,,,,,,,
2026-03-31,2026-05-05,10-Q,2026,Q1,603028000000.0,539352000000.0,66666000000.0,6165000000.0,1772000000.0,63676000000.0,31699000000.0,401564632.0,,,,,,33333000000.0,66666000000.0,0.8944062298931393,,0.28742903487429033,0.0029385036847376905,,0.05256638166055307
2026-04-14,2026-05-05,10-Q,2026,Q1,,,,,,,,401564632.0,,,,,,,,,,,,,
