period_end,filed,form,fiscal_year,fiscal_period,assets,liabilities,current_assets,current_liabilities,long_term_debt,current_debt,operating_income,net_income,stockholders_equity,cash,shares_outstanding,interest_expense,revenue,default_point_proxy,total_debt_proxy,book_leverage,current_ratio,net_margin,return_on_assets,interest_coverage_proxy,cash_to_assets
2013-12-29,2015-08-10,10-Q,2015,Q2,,,,,,,,,,2459000000.0,1212833289.0,,,,,,,,,,
2013-12-29,2015-11-06,10-Q,2015,Q3,,,,,,,,,,2459000000.0,1213455716.0,,,,,,,,,,
2013-12-29,2017-02-23,10-K,2016,FY,,,,,,,,,8192000000.0,2459000000.0,1217136057.0,,,,,,,,,,
2014-06-29,2015-08-10,10-Q,2015,Q2,,,,,,,374000000.0,135000000.0,,2805000000.0,1212833289.0,168000000.0,,,,,,,,2.2261904761904763,
2014-09-28,2015-11-06,10-Q,2015,Q3,,,,,,,409000000.0,174000000.0,,2854000000.0,1213455716.0,167000000.0,,,,,,,,2.4491017964071857,
2014-12-28,2015-08-10,10-Q,2015,Q2,4915000000.0,3092000000.0,4915000000.0,3092000000.0,13597000000.0,59000000.0,,,7336000000.0,2298000000.0,1212833289.0,,,6857500000.0,13656000000.0,0.6290946083418107,1.5895860284605434,,,,0.4675483214649034
2014-12-28,2015-11-06,10-Q,2015,Q3,4915000000.0,3092000000.0,4915000000.0,3092000000.0,,,,,7336000000.0,2298000000.0,1213455716.0,,,3092000000.0,3092000000.0,0.6290946083418107,1.5895860284605434,,,,0.4675483214649034
2014-12-28,2016-03-03,10-K,2015,FY,4915000000.0,3092000000.0,4915000000.0,3092000000.0,,,,,7336000000.0,2298000000.0,1215189526.0,,,3092000000.0,3092000000.0,0.6290946083418107,1.5895860284605434,,,,0.4675483214649034
2014-12-28,2016-05-05,10-Q,2016,Q1,,,,,,,,,,2298000000.0,1215955228.0,,,,,,,,,,
2014-12-28,2016-08-05,10-Q,2016,Q2,,,,,,,,,,2298000000.0,1217650866.0,,,,,,,,,,
2014-12-28,2016-11-04,10-Q,2016,Q3,,,,,,,,,,2298000000.0,1217270219.0,,,,,,,,,,
2014-12-28,2017-02-23,10-K,2016,FY,,,,,,,1568000000.0,672000000.0,7336000000.0,2298000000.0,1217136057.0,686000000.0,,,,,,,,2.2857142857142856,
2014-12-28,2018-02-16,10-K,2017,FY,,,,,,,,,7336000000.0,2310000000.0,1218801890.0,,,,,,,,,,
2015-03-29,2016-05-05,10-Q,2016,Q1,,,,,,,509000000.0,279000000.0,,1899000000.0,1215955228.0,201000000.0,,,,,,,,2.5323383084577116,
2015-03-29,2017-02-23,10-K,2016,FY,,,,,,,,279000000.0,,,1217136057.0,,,,,,,,,,
2015-06-28,2015-08-10,10-Q,2015,Q2,4589000000.0,2653000000.0,4589000000.0,2653000000.0,13636000000.0,2000000.0,444000000.0,-160000000.0,6954000000.0,2147000000.0,1212833289.0,394000000.0,,6820000000.0,13638000000.0,0.5781215951187623,1.7297399170750094,,-0.034865983874482455,1.1269035532994924,0.4678579211157115
2015-06-28,2016-08-05,10-Q,2016,Q2,,,,,,,444000000.0,-160000000.0,,2147000000.0,1217650866.0,394000000.0,,,,,,,,1.1269035532994924,
2015-06-28,2017-02-23,10-K,2016,FY,,,,,,,,-160000000.0,,,1217136057.0,,,,,,,,,,
2015-08-02,2015-08-10,10-Q,2015,Q2,,,,,,,,,,,1212833289.0,,,,,,,,,,
2015-09-27,2015-11-06,10-Q,2015,Q3,10411000000.0,5746000000.0,10411000000.0,5746000000.0,,,399000000.0,-120000000.0,59017000000.0,4437000000.0,1213455716.0,460000000.0,,5746000000.0,5746000000.0,0.5519162424358851,1.8118691263487643,,-0.011526270291038325,0.8673913043478261,0.42618384401114207
2015-09-27,2016-11-04,10-Q,2016,Q3,,,,,,,399000000.0,-120000000.0,,4437000000.0,1217270219.0,460000000.0,,,,,,,,0.8673913043478261,
2015-09-27,2017-02-23,10-K,2016,FY,,,,,,,,-120000000.0,,,1217136057.0,,,,,,,,,,
2015-11-01,2015-11-06,10-Q,2015,Q3,,,,,,,,,,,1213455716.0,,,,,,,,,,
2016-01-03,2016-03-03,10-K,2015,FY,9780000000.0,6932000000.0,9780000000.0,6932000000.0,,,,,57893000000.0,4837000000.0,1215189526.0,,,6932000000.0,6932000000.0,0.7087934560327198,1.4108482400461628,,,,0.49458077709611453
2016-01-03,2016-05-05,10-Q,2016,Q1,9780000000.0,6932000000.0,9780000000.0,6932000000.0,,,,,57893000000.0,4837000000.0,1215955228.0,,,6932000000.0,6932000000.0,0.7087934560327198,1.4108482400461628,,,,0.49458077709611453
2016-01-03,2016-08-05,10-Q,2016,Q2,9780000000.0,6932000000.0,9780000000.0,6932000000.0,,4000000.0,,,57893000000.0,4837000000.0,1217650866.0,,,4000000.0,4000000.0,0.7087934560327198,1.4108482400461628,,,,0.49458077709611453
2016-01-03,2016-11-04,10-Q,2016,Q3,9780000000.0,6932000000.0,9780000000.0,6932000000.0,,4000000.0,,,57893000000.0,4837000000.0,1217270219.0,,,4000000.0,4000000.0,0.7087934560327198,1.4108482400461628,,,,0.49458077709611453
2016-01-03,2017-02-23,10-K,2016,FY,9780000000.0,6932000000.0,9780000000.0,6932000000.0,,4000000.0,2639000000.0,648000000.0,57893000000.0,4837000000.0,1217136057.0,1321000000.0,,4000000.0,4000000.0,0.7087934560327198,1.4108482400461628,,0.06625766871165645,1.9977289931869795,0.49458077709611453
2016-01-03,2017-08-04,10-Q,2017,Q2,,,,,,,,,,4912000000.0,1218251122.0,,,,,,,,,,
2016-01-03,2017-11-07,10-Q,2017,Q3,,,,,,,,,,4912000000.0,1218467836.0,,,,,,,,,,
2016-01-03,2018-02-16,10-K,2017,FY,,,,,,,2639000000.0,647000000.0,57893000000.0,4912000000.0,1218801890.0,1321000000.0,,,,,,,,1.9977289931869795,
2016-01-03,2019-06-07,10-K,2018,FY,,,,,,,,,57871000000.0,4912000000.0,1219938804.0,,,,,,,,,,
2016-02-28,2016-03-03,10-K,2015,FY,,,,,,,,,,,1215189526.0,,,,,,,,,,
2016-04-03,2016-05-05,10-Q,2016,Q1,9812000000.0,6730000000.0,9812000000.0,6730000000.0,,,1513000000.0,900000000.0,58259000000.0,4199000000.0,1215955228.0,249000000.0,,6730000000.0,6730000000.0,0.6858948226661231,1.4579494799405646,,0.09172441907867916,6.076305220883534,0.4279453730126376
2016-04-03,2017-02-23,10-K,2016,FY,,,,,,,,900000000.0,,,1217136057.0,,,,,,,,,,
2016-04-03,2017-05-04,10-Q,2017,Q1,,,,,,,1513000000.0,900000000.0,,,1217633003.0,249000000.0,,,,,,,,6.076305220883534,
2016-04-03,2018-02-16,10-K,2017,FY,,,,,,,,900000000.0,,,1218801890.0,,,,,,,,,,
2016-05-01,2016-05-05,10-Q,2016,Q1,,,,,,,,,,,1215955228.0,,,,,,,,,,
2016-07-03,2016-08-05,10-Q,2016,Q2,9347000000.0,9593000000.0,9347000000.0,9593000000.0,,645000000.0,1636000000.0,955000000.0,58047000000.0,4237000000.0,1217650866.0,264000000.0,,645000000.0,645000000.0,1.026318604899968,0.9743563014698218,,0.10217181983524125,6.196969696969697,0.45330052423237405
2016-07-03,2017-02-23,10-K,2016,FY,,,,,,,,955000000.0,,,1217136057.0,,,,,,,,,,
2016-07-03,2017-08-04,10-Q,2017,Q2,,,,,,,1636000000.0,955000000.0,,4376000000.0,1218251122.0,264000000.0,,,,,,,,6.196969696969697,
2016-07-03,2018-02-16,10-K,2017,FY,,,,,,,,955000000.0,,,1218801890.0,,,,,,,,,,
2016-07-31,2016-08-05,10-Q,2016,Q2,,,,,,,,,,,1217650866.0,,,,,,,,,,
2016-10-02,2016-11-04,10-Q,2016,Q3,8943000000.0,9414000000.0,8943000000.0,9414000000.0,,653000000.0,1413000000.0,843000000.0,57868000000.0,3920000000.0,1217270219.0,311000000.0,,653000000.0,653000000.0,1.0526668903052667,0.949968132568515,,0.09426366990942636,4.543408360128617,0.4383316560438332
2016-10-02,2017-02-23,10-K,2016,FY,,,,,,,,843000000.0,,,1217136057.0,,,,,,,,,,
2016-10-02,2017-11-07,10-Q,2017,Q3,,,,,,,1413000000.0,843000000.0,,3971000000.0,1218467836.0,311000000.0,,,,,,,,4.543408360128617,
2016-10-02,2018-02-16,10-K,2017,FY,,,,,,,,843000000.0,,,1218801890.0,,,,,,,,,,
2016-10-30,2016-11-04,10-Q,2016,Q3,,,,,,,,,,,1217270219.0,,,,,,,,,,
2016-12-31,2017-02-23,10-K,2016,FY,8753000000.0,9501000000.0,8753000000.0,9501000000.0,,645000000.0,6142000000.0,944000000.0,57574000000.0,4204000000.0,1217136057.0,1134000000.0,,645000000.0,645000000.0,1.085456414943448,0.921271445111041,,0.10784873757568833,5.416225749559083,0.48029247115274765
2016-12-31,2017-05-04,10-Q,2017,Q1,8753000000.0,9501000000.0,8753000000.0,9501000000.0,,645000000.0,,,57574000000.0,4204000000.0,1217633003.0,,,645000000.0,645000000.0,1.085456414943448,0.921271445111041,,,,0.48029247115274765
2016-12-31,2017-08-04,10-Q,2017,Q2,8753000000.0,9501000000.0,8753000000.0,9501000000.0,,645000000.0,,,57574000000.0,4255000000.0,1218251122.0,,,645000000.0,645000000.0,1.085456414943448,0.921271445111041,,,,0.4861190448988918
2016-12-31,2017-11-07,10-Q,2017,Q3,8753000000.0,9501000000.0,8753000000.0,9501000000.0,,645000000.0,,,57574000000.0,4255000000.0,1218467836.0,,,645000000.0,645000000.0,1.085456414943448,0.921271445111041,,,,0.4861190448988918
2016-12-31,2018-02-16,10-K,2017,FY,8753000000.0,9501000000.0,8753000000.0,9501000000.0,,645000000.0,6142000000.0,944000000.0,57574000000.0,4255000000.0,1218801890.0,1134000000.0,,645000000.0,645000000.0,1.085456414943448,0.921271445111041,,0.10784873757568833,5.416225749559083,0.4861190448988918
2016-12-31,2018-05-03,10-Q,2018,Q1,,,,,,,,,,4255000000.0,1219172261.0,,,,,,,,,,
2016-12-31,2018-08-03,10-Q,2018,Q2,,,,,,,,,,4255000000.0,1219248231.0,,,,,,,,,,
2016-12-31,2018-11-02,10-Q,2018,Q3,,,,,,,,,,4255000000.0,1219434812.0,,,,,,,,,,
2016-12-31,2019-06-07,10-K,2018,FY,,,,,,,5601000000.0,3606000000.0,57460000000.0,4255000000.0,1219938804.0,1134000000.0,,,,,,,,4.939153439153439,
2016-12-31,2020-02-14,10-K,2019,FY,,,,,,,,,57460000000.0,4255000000.0,1221399549.0,,,,,,,,,,
2017-02-18,2017-02-23,10-K,2016,FY,,,,,,,,,,,1217136057.0,,,,,,,,,,
2017-04-01,2017-05-04,10-Q,2017,Q1,8875000000.0,9383000000.0,8875000000.0,9383000000.0,,909000000.0,1551000000.0,891000000.0,57944000000.0,3242000000.0,1217633003.0,313000000.0,,909000000.0,909000000.0,1.0572394366197184,0.9458595331983374,,0.1003943661971831,4.955271565495208,0.3652957746478873
2017-04-01,2018-02-16,10-K,2017,FY,,,,,,,,891000000.0,,,1218801890.0,,,,,,,,,,
2017-04-01,2018-05-03,10-Q,2018,Q1,,,,,,,1433000000.0,891000000.0,,3282000000.0,1219172261.0,313000000.0,,,,,,,,4.578274760383387,
2017-04-01,2019-06-07,10-K,2018,FY,9039000000.0,9641000000.0,9039000000.0,9641000000.0,,909000000.0,1418000000.0,881000000.0,57818000000.0,3282000000.0,1219938804.0,313000000.0,,909000000.0,909000000.0,1.0666002876424383,0.9375583445700654,,0.09746653390861822,4.5303514376996805,0.36309326252904084
2017-04-29,2017-05-04,10-Q,2017,Q1,,,,,,,,,,,1217633003.0,,,,,,,,,,
2017-07-01,2017-08-04,10-Q,2017,Q2,7108000000.0,7356000000.0,7108000000.0,7356000000.0,,1090000000.0,1921000000.0,1160000000.0,58546000000.0,1518000000.0,1218251122.0,307000000.0,,1090000000.0,1090000000.0,1.0348902644907148,0.9662860250135944,,0.16319639842431063,6.257328990228013,0.21356218345526168
2017-07-01,2018-02-16,10-K,2017,FY,,,,,,,,1160000000.0,,,1218801890.0,,,,,,,,,,
2017-07-01,2018-08-03,10-Q,2018,Q2,,,,,,,1644000000.0,1160000000.0,,1518000000.0,1219248231.0,307000000.0,,,,,,,,5.355048859934853,
2017-07-01,2019-06-07,10-K,2018,FY,7034000000.0,7408000000.0,7034000000.0,7408000000.0,,1090000000.0,1639000000.0,1157000000.0,58420000000.0,1518000000.0,1219938804.0,307000000.0,,1090000000.0,1090000000.0,1.0531703156098948,0.9495140388768899,,0.16448677850440716,5.3387622149837135,0.21580892806369065
2017-07-29,2017-08-04,10-Q,2017,Q2,,,,,,,,,,,1218251122.0,,,,,,,,,,
2017-09-30,2017-11-07,10-Q,2017,Q3,7228000000.0,9387000000.0,7228000000.0,9387000000.0,,455000000.0,1661000000.0,943000000.0,58971000000.0,1549000000.0,1218467836.0,306000000.0,,455000000.0,455000000.0,1.298699501936912,0.7700010653030788,,0.13046485888212506,5.428104575163399,0.2143054786939679
2017-09-30,2018-02-16,10-K,2017,FY,,,,,,,,943000000.0,,,1218801890.0,,,,,,,,,,
2017-09-30,2018-11-02,10-Q,2018,Q3,,,,,,,1538000000.0,943000000.0,,1549000000.0,1219434812.0,306000000.0,,,,,,,,5.026143790849673,
2017-09-30,2019-06-07,10-K,2018,FY,7127000000.0,9450000000.0,7127000000.0,9450000000.0,,457000000.0,1491000000.0,912000000.0,58812000000.0,1549000000.0,1219938804.0,306000000.0,,457000000.0,457000000.0,1.3259435947804126,0.7541798941798942,,0.12796408025817316,4.872549019607843,0.21734250035077873
2017-10-28,2017-11-07,10-Q,2017,Q3,,,,,,,,,,,1218467836.0,,,,,,,,,,
2017-12-30,2018-02-16,10-K,2017,FY,7266000000.0,10132000000.0,7266000000.0,10132000000.0,,460000000.0,6773000000.0,7996000000.0,66241000000.0,1769000000.0,1218801890.0,1234000000.0,,460000000.0,460000000.0,1.3944398568676026,0.7171338333991315,,1.100467932837875,5.488654781199352,0.24346270300027525
2017-12-30,2018-05-03,10-Q,2018,Q1,7266000000.0,10132000000.0,7266000000.0,10132000000.0,,460000000.0,,,66241000000.0,1769000000.0,1219172261.0,,,460000000.0,460000000.0,1.3944398568676026,0.7171338333991315,,,,0.24346270300027525
2017-12-30,2018-08-03,10-Q,2018,Q2,7266000000.0,10132000000.0,7266000000.0,10132000000.0,,460000000.0,,,66241000000.0,1769000000.0,1219248231.0,,,460000000.0,460000000.0,1.3944398568676026,0.7171338333991315,,,,0.24346270300027525
2017-12-30,2018-11-02,10-Q,2018,Q3,7266000000.0,10132000000.0,7266000000.0,10132000000.0,,460000000.0,,,66241000000.0,1769000000.0,1219434812.0,,,460000000.0,460000000.0,1.3944398568676026,0.7171338333991315,,,,0.24346270300027525
2017-12-30,2019-06-07,10-K,2018,FY,7201000000.0,10154000000.0,7201000000.0,10154000000.0,,462000000.0,1509000000.0,7982000000.0,66070000000.0,1769000000.0,1219938804.0,308000000.0,,462000000.0,462000000.0,1.4100819330648522,0.7091786488083514,,1.1084571587279544,4.89935064935065,0.2456603249548674
2017-12-30,2019-08-13,10-Q,2019,Q1,,,,,,,,,66070000000.0,1769000000.0,1219991425.0,,,,,,,,,,
2017-12-30,2019-08-13,10-Q,2019,Q2,,,,,,,,,66070000000.0,1769000000.0,1219991425.0,,,,,,,,,,
2017-12-30,2019-10-31,10-Q,2019,Q3,,,,,,,,,66070000000.0,1769000000.0,1221160646.0,,,,,,,,,,
2017-12-30,2020-02-14,10-K,2019,FY,,,,,,,6057000000.0,10932000000.0,66070000000.0,1769000000.0,1221399549.0,1234000000.0,,,,,,,,4.908427876823339,
2017-12-30,2021-02-17,10-K,2020,FY,,,,,,,,,66070000000.0,1769000000.0,1223175747.0,,,,,,,,,,
2018-02-10,2018-02-16,10-K,2017,FY,,,,,,,,,,,1218801890.0,,,,,,,,,,
2018-03-31,2018-05-03,10-Q,2018,Q1,7437000000.0,10329000000.0,7437000000.0,10329000000.0,,1001000000.0,1481000000.0,993000000.0,66455000000.0,1800000000.0,1219172261.0,317000000.0,,1001000000.0,1001000000.0,1.3888664784187172,0.7200116177751961,,0.1335215812827753,4.6719242902208205,0.24203307785397338
2018-03-31,2019-06-07,10-K,2018,FY,7371000000.0,10287000000.0,7371000000.0,10287000000.0,,1003000000.0,1500000000.0,1003000000.0,66294000000.0,1800000000.0,1219938804.0,317000000.0,,1003000000.0,1003000000.0,1.3956043956043955,0.7165354330708661,,0.1360738027404694,4.73186119873817,0.2442002442002442
2018-03-31,2019-08-13,10-Q,2019,Q1,7371000000.0,10287000000.0,7371000000.0,10287000000.0,,1003000000.0,1500000000.0,1003000000.0,66294000000.0,1800000000.0,1219991425.0,317000000.0,,1003000000.0,1003000000.0,1.3956043956043955,0.7165354330708661,,0.1360738027404694,4.73186119873817,0.2442002442002442
2018-03-31,2019-08-13,10-Q,2019,Q2,,,,,,,,,66294000000.0,,1219991425.0,,,,,,,,,,
2018-03-31,2019-10-31,10-Q,2019,Q3,,,,,,,,,66294000000.0,,1221160646.0,,,,,,,,,,
2018-03-31,2020-02-14,10-K,2019,FY,,,,,,,,1003000000.0,,,1221399549.0,,,,,,,,,,
2018-04-28,2018-05-03,10-Q,2018,Q1,,,,,,,,,,,1219172261.0,,,,,,,,,,
2018-06-30,2018-08-03,10-Q,2018,Q2,9501000000.0,9091000000.0,9501000000.0,9091000000.0,,34000000.0,1329000000.0,755000000.0,65865000000.0,3375000000.0,1219248231.0,318000000.0,,34000000.0,34000000.0,0.9568466477212925,1.0450995490045099,,0.07946531944005894,4.179245283018868,0.35522576570887276
2018-06-30,2019-06-07,10-K,2018,FY,9480000000.0,9113000000.0,9480000000.0,9113000000.0,,34000000.0,1342000000.0,753000000.0,65708000000.0,3375000000.0,1219938804.0,316000000.0,,34000000.0,34000000.0,0.9612869198312236,1.0402721387029519,,0.07943037974683544,4.246835443037975,0.3560126582278481
2018-06-30,2019-08-13,10-Q,2019,Q2,9480000000.0,9113000000.0,9480000000.0,9113000000.0,,34000000.0,1357000000.0,753000000.0,65708000000.0,3375000000.0,1219991425.0,316000000.0,,34000000.0,34000000.0,0.9612869198312236,1.0402721387029519,,0.07943037974683544,4.294303797468355,0.3560126582278481
2018-06-30,2019-10-31,10-Q,2019,Q3,,,,,,,,,65708000000.0,,1221160646.0,,,,,,,,,,
2018-06-30,2020-02-14,10-K,2019,FY,,,,,,,,753000000.0,,,1221399549.0,,,,,,,,,,
2018-07-28,2018-08-03,10-Q,2018,Q2,,,,,,,,,,,1219248231.0,,,,,,,,,,
2018-09-29,2018-11-02,10-Q,2018,Q3,7590000000.0,7581000000.0,7590000000.0,7581000000.0,,973000000.0,1070000000.0,628000000.0,65572000000.0,1367000000.0,1219434812.0,327000000.0,,973000000.0,973000000.0,0.9988142292490119,1.001187178472497,,0.08274044795783926,3.27217125382263,0.18010540184453228
2018-09-29,2019-06-07,10-K,2018,FY,7556000000.0,7622000000.0,7556000000.0,7622000000.0,,973000000.0,1074000000.0,618000000.0,65407000000.0,1367000000.0,1219938804.0,326000000.0,,973000000.0,973000000.0,1.0087347803070408,0.9913408554185253,,0.08178930651138168,3.294478527607362,0.1809158284806776
2018-09-29,2019-10-31,10-Q,2019,Q3,7556000000.0,7622000000.0,7556000000.0,7622000000.0,,973000000.0,1074000000.0,618000000.0,65407000000.0,1367000000.0,1221160646.0,326000000.0,,973000000.0,973000000.0,1.0087347803070408,0.9913408554185253,,0.08178930651138168,3.294478527607362,0.1809158284806776
2018-09-29,2020-02-14,10-K,2019,FY,,,,,,,,618000000.0,,,1221399549.0,,,,,,,,,,
2018-10-27,2018-11-02,10-Q,2018,Q3,,,,,,,,,,,1219434812.0,,,,,,,,,,
2018-12-29,2019-06-07,10-K,2018,FY,9075000000.0,7503000000.0,9075000000.0,7503000000.0,,21000000.0,-14136000000.0,-12628000000.0,51775000000.0,1136000000.0,1219938804.0,325000000.0,,21000000.0,21000000.0,0.8267768595041323,1.2095161935225909,,-1.3915151515151516,-43.495384615384616,0.12517906336088155
2018-12-29,2019-08-13,10-Q,2019,Q1,9075000000.0,7503000000.0,9075000000.0,7503000000.0,,21000000.0,,,51775000000.0,1136000000.0,1219991425.0,,,21000000.0,21000000.0,0.8267768595041323,1.2095161935225909,,,,0.12517906336088155
2018-12-29,2019-08-13,10-Q,2019,Q2,9075000000.0,7503000000.0,9075000000.0,7503000000.0,,21000000.0,,,51775000000.0,1136000000.0,1219991425.0,,,21000000.0,21000000.0,0.8267768595041323,1.2095161935225909,,,,0.12517906336088155
2018-12-29,2019-10-31,10-Q,2019,Q3,9075000000.0,7503000000.0,9075000000.0,7503000000.0,,21000000.0,,,51775000000.0,1136000000.0,1221160646.0,,,21000000.0,21000000.0,0.8267768595041323,1.2095161935225909,,,,0.12517906336088155
2018-12-29,2020-02-14,10-K,2019,FY,9075000000.0,7503000000.0,9075000000.0,7503000000.0,,21000000.0,-10205000000.0,-12628000000.0,51775000000.0,1136000000.0,1221399549.0,1284000000.0,,21000000.0,21000000.0,0.8267768595041323,1.2095161935225909,,-1.3915151515151516,-7.947819314641745,0.12517906336088155
2018-12-29,2020-05-01,10-Q,2020,Q1,,,,,,,,,51775000000.0,1136000000.0,1221833078.0,,,,,,,,,,
2018-12-29,2020-07-31,10-Q,2020,Q2,,,,,,,,,51775000000.0,1136000000.0,1222578592.0,,,,,,,,,,
2018-12-29,2020-10-30,10-Q,2020,Q3,,,,,,,,,51775000000.0,1136000000.0,1222623168.0,,,,,,,,,,
2018-12-29,2021-02-17,10-K,2020,FY,,,,,,,-10205000000.0,-10254000000.0,51775000000.0,1136000000.0,1223175747.0,1284000000.0,,,,,,,,-7.947819314641745,
2018-12-29,2022-02-17,10-K,2021,FY,,,,,,,,,51775000000.0,1136000000.0,1223740203.0,,,,,,,,,,
2019-03-30,2019-08-13,10-Q,2019,Q1,8835000000.0,7972000000.0,8835000000.0,7972000000.0,,2000000.0,562000000.0,404000000.0,51833000000.0,1102000000.0,1219991425.0,321000000.0,,2000000.0,2000000.0,0.9023203169213356,1.1082538886101354,,0.045727221279003964,1.750778816199377,0.12473118279569892
2019-03-30,2019-08-13,10-Q,2019,Q2,,,,,,,,,51833000000.0,,1219991425.0,,,,,,,,,,
2019-03-30,2019-10-31,10-Q,2019,Q3,,,,,,,,,51833000000.0,,1221160646.0,,,,,,,,,,
2019-03-30,2020-02-14,10-K,2019,FY,,,,,,,,404000000.0,,,1221399549.0,,,,,,,,,,
2019-03-30,2020-05-01,10-Q,2020,Q1,,,,,,,562000000.0,404000000.0,51833000000.0,1102000000.0,1221833078.0,321000000.0,,,,,,,,1.750778816199377,
2019-03-30,2020-07-31,10-Q,2020,Q2,,,,,,,,,51833000000.0,,1222578592.0,,,,,,,,,,
2019-03-30,2020-10-30,10-Q,2020,Q3,,,,,,,,,51833000000.0,,1222623168.0,,,,,,,,,,
2019-03-30,2021-02-17,10-K,2020,FY,,,,,,,,404000000.0,,,1223175747.0,,,,,,,,,,
2019-06-05,2019-06-07,10-K,2018,FY,,,,,,,,,,,1219938804.0,,,,,,,,,,
2019-06-29,2019-08-13,10-Q,2019,Q2,9168000000.0,7797000000.0,9168000000.0,7797000000.0,,1000000.0,734000000.0,448000000.0,51675000000.0,1458000000.0,1219991425.0,316000000.0,,1000000.0,1000000.0,0.8504581151832461,1.1758368603308964,,0.04886561954624782,2.3227848101265822,0.15903141361256545
2019-06-29,2019-10-31,10-Q,2019,Q3,,,,,,,,,51675000000.0,,1221160646.0,,,,,,,,,,
2019-06-29,2020-02-14,10-K,2019,FY,,,,,,,,448000000.0,,,1221399549.0,,,,,,,,,,
2019-06-29,2020-07-31,10-Q,2020,Q2,,,,,,,734000000.0,448000000.0,51675000000.0,1458000000.0,1222578592.0,316000000.0,,,,,,,,2.3227848101265822,
2019-06-29,2020-10-30,10-Q,2020,Q3,,,,,,,,,51675000000.0,,1222623168.0,,,,,,,,,,
2019-06-29,2021-02-17,10-K,2020,FY,,,,,,,,448000000.0,,,1223175747.0,,,,,,,,,,
2019-08-03,2019-08-13,10-Q,2019,Q1,,,,,,,,,,,1219991425.0,,,,,,,,,,
2019-08-03,2019-08-13,10-Q,2019,Q2,,,,,,,,,,,1219991425.0,,,,,,,,,,
2019-09-28,2019-10-31,10-Q,2019,Q3,9125000000.0,9112000000.0,9125000000.0,9112000000.0,,15000000.0,1180000000.0,898000000.0,51804000000.0,2316000000.0,1221160646.0,398000000.0,,15000000.0,15000000.0,0.9985753424657534,1.0014266900790167,,0.09841095890410959,2.9648241206030153,0.2538082191780822
2019-09-28,2020-02-14,10-K,2019,FY,,,,,,,,898000000.0,,,1221399549.0,,,,,,,,,,
2019-09-28,2020-10-30,10-Q,2020,Q3,,,,,,,1180000000.0,898000000.0,51804000000.0,2316000000.0,1222623168.0,398000000.0,,,,,,,,2.9648241206030153,
2019-09-28,2021-02-17,10-K,2020,FY,,,,,,,,898000000.0,,,1223175747.0,,,,,,,,,,
2019-10-26,2019-10-31,10-Q,2019,Q3,,,,,,,,,,,1221160646.0,,,,,,,,,,
2019-12-28,2020-02-14,10-K,2019,FY,8097000000.0,7875000000.0,8097000000.0,7875000000.0,,6000000.0,3070000000.0,183000000.0,51749000000.0,2280000000.0,1221399549.0,1361000000.0,,6000000.0,6000000.0,0.9725824379399778,1.028190476190476,,0.022600963319748056,2.2556943423952975,0.28158577250833644
2019-12-28,2020-05-01,10-Q,2020,Q1,8097000000.0,7875000000.0,8097000000.0,7875000000.0,,6000000.0,,,51749000000.0,2280000000.0,1221833078.0,,,6000000.0,6000000.0,0.9725824379399778,1.028190476190476,,,,0.28158577250833644
2019-12-28,2020-07-31,10-Q,2020,Q2,8097000000.0,7875000000.0,8097000000.0,7875000000.0,,6000000.0,,,51749000000.0,2280000000.0,1222578592.0,,,6000000.0,6000000.0,0.9725824379399778,1.028190476190476,,,,0.28158577250833644
2019-12-28,2020-10-30,10-Q,2020,Q3,8097000000.0,7875000000.0,8097000000.0,7875000000.0,,6000000.0,,,51749000000.0,2280000000.0,1222623168.0,,,6000000.0,6000000.0,0.9725824379399778,1.028190476190476,,,,0.28158577250833644
2019-12-28,2021-02-17,10-K,2020,FY,8097000000.0,7875000000.0,8097000000.0,7875000000.0,,6000000.0,3070000000.0,183000000.0,51749000000.0,2280000000.0,1223175747.0,1361000000.0,,6000000.0,6000000.0,0.9725824379399778,1.028190476190476,,0.022600963319748056,2.2556943423952975,0.28158577250833644
2019-12-28,2021-04-30,10-Q,2021,Q1,,,,,,,,,51749000000.0,2280000000.0,1223147340.0,,,,,,,,,,
2019-12-28,2021-08-04,10-Q,2021,Q2,,,,,,,,,51749000000.0,2280000000.0,1223387136.0,,,,,,,,,,
2019-12-28,2021-10-28,10-Q,2021,Q3,,,,,,,,,51749000000.0,2280000000.0,1225261485.0,,,,,,,,,,
2019-12-28,2022-02-17,10-K,2021,FY,,,,,,,3070000000.0,1933000000.0,51749000000.0,2280000000.0,1223740203.0,1361000000.0,,,,,,,,2.2556943423952975,
2019-12-28,2023-02-16,10-K,2022,FY,,,,,,,,,51749000000.0,2280000000.0,1225003377.0,,,,,,,,,,
2020-02-08,2020-02-14,10-K,2019,FY,,,,,,,,,,,1221399549.0,,,,,,,,,,
2020-03-28,2020-05-01,10-Q,2020,Q1,11708000000.0,7934000000.0,11708000000.0,7934000000.0,,6000000.0,770000000.0,381000000.0,51124000000.0,5404000000.0,1221833078.0,310000000.0,,6000000.0,6000000.0,0.6776563033823026,1.4756743130829342,,0.032541851725316026,2.4838709677419355,0.4615647420567134
2020-03-28,2020-07-31,10-Q,2020,Q2,,,,,,,,,51124000000.0,,1222578592.0,,,,,,,,,,
2020-03-28,2020-10-30,10-Q,2020,Q3,,,,,,,,,51124000000.0,,1222623168.0,,,,,,,,,,
2020-03-28,2021-02-17,10-K,2020,FY,,,,,,,,381000000.0,,,1223175747.0,,,,,,,,,,
2020-03-28,2021-04-30,10-Q,2021,Q1,,,,,,,770000000.0,381000000.0,51124000000.0,5404000000.0,1223147340.0,310000000.0,,,,,,,,2.4838709677419355,
2020-03-28,2021-08-04,10-Q,2021,Q2,,,,,,,,,51124000000.0,,1223387136.0,,,,,,,,,,
2020-03-28,2021-10-28,10-Q,2021,Q3,,,,,,,,,51124000000.0,,1225261485.0,,,,,,,,,,
2020-04-25,2020-05-01,10-Q,2020,Q1,,,,,,,,,,,1221833078.0,,,,,,,,,,
2020-06-27,2020-07-31,10-Q,2020,Q2,8776000000.0,8050000000.0,8776000000.0,8050000000.0,,6000000.0,-1339000000.0,-1652000000.0,49166000000.0,2813000000.0,1222578592.0,442000000.0,,6000000.0,6000000.0,0.9172743846855059,1.0901863354037267,,-0.18824065633546036,-3.0294117647058822,0.32053327256153147
2020-06-27,2020-10-30,10-Q,2020,Q3,,,,,,,,,49166000000.0,,1222623168.0,,,,,,,,,,
2020-06-27,2021-02-17,10-K,2020,FY,,,,,,,,-1652000000.0,,,1223175747.0,,,,,,,,,,
2020-06-27,2021-08-04,10-Q,2021,Q2,,,,,,,-1339000000.0,-1652000000.0,49166000000.0,2813000000.0,1223387136.0,442000000.0,,,,,,,,-3.0294117647058822,
2020-06-27,2021-10-28,10-Q,2021,Q3,,,,,,,,,49166000000.0,,1225261485.0,,,,,,,,,,
2020-07-25,2020-07-31,10-Q,2020,Q2,,,,,,,,,,,1222578592.0,,,,,,,,,,
2020-09-26,2020-10-30,10-Q,2020,Q3,10065000000.0,7694000000.0,10065000000.0,7694000000.0,,6000000.0,1147000000.0,598000000.0,49341000000.0,2721000000.0,1222623168.0,314000000.0,,6000000.0,6000000.0,0.7644311972180825,1.3081622043150507,,0.05941381023348236,3.6528662420382165,0.27034277198211626
2020-09-26,2021-02-17,10-K,2020,FY,,,,,,,,598000000.0,,,1223175747.0,,,,,,,,,,
2020-09-26,2021-10-28,10-Q,2021,Q3,,,,,,,1147000000.0,598000000.0,49341000000.0,2721000000.0,1225261485.0,314000000.0,,,,,,,,3.6528662420382165,
2020-10-24,2020-10-30,10-Q,2020,Q3,,,,,,,,,,,1222623168.0,,,,,,,,,,
2020-12-26,2021-02-17,10-K,2020,FY,10822000000.0,8061000000.0,10822000000.0,8061000000.0,,6000000.0,2128000000.0,1034000000.0,50243000000.0,3418000000.0,1223175747.0,1394000000.0,,6000000.0,6000000.0,0.7448715579375347,1.342513335814415,,0.09554610977638145,1.526542324246772,0.31583810755867675
2020-12-26,2021-04-30,10-Q,2021,Q1,10822000000.0,8061000000.0,10822000000.0,8061000000.0,,6000000.0,,,50243000000.0,3418000000.0,1223147340.0,,,6000000.0,6000000.0,0.7448715579375347,1.342513335814415,,,,0.31583810755867675
2020-12-26,2021-08-04,10-Q,2021,Q2,10822000000.0,8061000000.0,10822000000.0,8061000000.0,,6000000.0,,,50243000000.0,3418000000.0,1223387136.0,,,6000000.0,6000000.0,0.7448715579375347,1.342513335814415,,,,0.31583810755867675
2020-12-26,2021-10-28,10-Q,2021,Q3,10822000000.0,8061000000.0,10822000000.0,8061000000.0,,6000000.0,,,50243000000.0,3418000000.0,1225261485.0,,,6000000.0,6000000.0,0.7448715579375347,1.342513335814415,,,,0.31583810755867675
2020-12-26,2022-02-17,10-K,2021,FY,10822000000.0,8061000000.0,10822000000.0,8061000000.0,,6000000.0,2128000000.0,361000000.0,50243000000.0,3418000000.0,1223740203.0,1394000000.0,,6000000.0,6000000.0,0.7448715579375347,1.342513335814415,,0.03335797449639623,1.526542324246772,0.31583810755867675
2020-12-26,2022-04-28,10-Q,2022,Q1,,,,,,,,,50243000000.0,3418000000.0,1223951939.0,,,,,,,,,,
2020-12-26,2022-07-28,10-Q,2022,Q2,,,,,,,,,50243000000.0,3418000000.0,1225439747.0,,,,,,,,,,
2020-12-26,2022-10-27,10-Q,2022,Q3,,,,,,,,,50243000000.0,3418000000.0,1224930164.0,,,,,,,,,,
2020-12-26,2023-02-16,10-K,2022,FY,,,,,,,2128000000.0,361000000.0,50243000000.0,3418000000.0,1225003377.0,1394000000.0,,,,,,,,1.526542324246772,
2020-12-26,2024-02-15,10-K,2023,FY,,,,,,,,,50243000000.0,3418000000.0,1213099787.0,,,,,,,,,,
2021-02-13,2021-02-17,10-K,2020,FY,,,,,,,,,,,1223175747.0,,,,,,,,,,
2021-03-27,2021-04-30,10-Q,2021,Q1,13136000000.0,7570000000.0,13136000000.0,7570000000.0,,6000000.0,1089000000.0,568000000.0,50431000000.0,2361000000.0,1223147340.0,415000000.0,,6000000.0,6000000.0,0.576278928136419,1.7352708058124173,,0.043239951278928136,2.6240963855421686,0.17973507917174178
2021-03-27,2021-08-04,10-Q,2021,Q2,,,,,,,,,50431000000.0,,1223387136.0,,,,,,,,,,
2021-03-27,2021-10-28,10-Q,2021,Q3,,,,,,,,,50431000000.0,,1225261485.0,,,,,,,,,,
2021-03-27,2022-04-28,10-Q,2022,Q1,,,,,,,1089000000.0,568000000.0,50431000000.0,2361000000.0,1223951939.0,415000000.0,,,,,,,,2.6240963855421686,
2021-03-27,2022-07-28,10-Q,2022,Q2,,,,,,,,,50431000000.0,,1225439747.0,,,,,,,,,,
2021-03-27,2022-10-27,10-Q,2022,Q3,,,,,,,,,50431000000.0,,1224930164.0,,,,,,,,,,
2021-04-24,2021-04-30,10-Q,2021,Q1,,,,,,,,,,,1223147340.0,,,,,,,,,,
2021-06-26,2021-08-04,10-Q,2021,Q2,11385000000.0,9879000000.0,11385000000.0,9879000000.0,,6000000.0,1235000000.0,-25000000.0,50142000000.0,3942000000.0,1223387136.0,613000000.0,,6000000.0,6000000.0,0.8677206851119894,1.1524445794108715,,-0.0021958717610891525,2.0146818923327894,0.34624505928853755
2021-06-26,2021-10-28,10-Q,2021,Q3,,,,,,,,,50142000000.0,,1225261485.0,,,,,,,,,,
2021-06-26,2022-07-28,10-Q,2022,Q2,,,,,,,1235000000.0,-25000000.0,50142000000.0,3942000000.0,1225439747.0,613000000.0,,,,,,,,2.0146818923327894,
2021-06-26,2022-10-27,10-Q,2022,Q3,,,,,,,,,50142000000.0,,1224930164.0,,,,,,,,,,
2021-07-31,2021-08-04,10-Q,2021,Q2,,,,,,,,,,,1223387136.0,,,,,,,,,,
2021-09-25,2021-10-28,10-Q,2021,Q3,9557000000.0,8455000000.0,9557000000.0,8455000000.0,,1000000.0,1156000000.0,736000000.0,50238000000.0,2274000000.0,1225261485.0,415000000.0,,1000000.0,1000000.0,0.8846918489065606,1.1303370786516853,,0.077011614523386,2.7855421686746986,0.23794077639426597
2021-09-25,2022-10-27,10-Q,2022,Q3,,,,,,,1156000000.0,736000000.0,50238000000.0,2274000000.0,1224930164.0,415000000.0,,,,,,,,2.7855421686746986,
2021-10-23,2021-10-28,10-Q,2021,Q3,,,,,,,,,,,1225261485.0,,,,,,,,,,
2021-12-25,2022-02-17,10-K,2021,FY,8994000000.0,9064000000.0,8994000000.0,9064000000.0,,14000000.0,3460000000.0,1024000000.0,49448000000.0,3446000000.0,1223740203.0,2047000000.0,,14000000.0,14000000.0,1.0077829664220592,0.9922771403353927,,0.11385368023126528,1.6902784562774793,0.3831443184345119
2021-12-25,2022-04-28,10-Q,2022,Q1,8994000000.0,9064000000.0,8994000000.0,9064000000.0,,14000000.0,,,49448000000.0,3446000000.0,1223951939.0,,,14000000.0,14000000.0,1.0077829664220592,0.9922771403353927,,,,0.3831443184345119
2021-12-25,2022-07-28,10-Q,2022,Q2,8994000000.0,9064000000.0,8994000000.0,9064000000.0,,14000000.0,,,49448000000.0,3446000000.0,1225439747.0,,,14000000.0,14000000.0,1.0077829664220592,0.9922771403353927,,,,0.3831443184345119
2021-12-25,2022-10-27,10-Q,2022,Q3,8994000000.0,9064000000.0,8994000000.0,9064000000.0,,14000000.0,,,49448000000.0,3446000000.0,1224930164.0,,,14000000.0,14000000.0,1.0077829664220592,0.9922771403353927,,,,0.3831443184345119
2021-12-25,2023-02-16,10-K,2022,FY,8994000000.0,9064000000.0,8994000000.0,9064000000.0,,14000000.0,3460000000.0,1024000000.0,49448000000.0,3446000000.0,1225003377.0,2047000000.0,,14000000.0,14000000.0,1.0077829664220592,0.9922771403353927,,0.11385368023126528,1.6902784562774793,0.3831443184345119
2021-12-25,2023-05-03,10-Q,2022,Q3,,,,,,,,,49448000000.0,3446000000.0,1227237484.0,,,,,,,,,,
2021-12-25,2023-08-02,10-Q,2023,Q2,,,,,,,,,49448000000.0,3446000000.0,1228294502.0,,,,,,,,,,
2021-12-25,2023-11-01,10-Q,2023,Q3,,,,,,,,,49448000000.0,3446000000.0,1226538694.0,,,,,,,,,,
2021-12-25,2024-02-15,10-K,2023,FY,,,,,,,3460000000.0,1024000000.0,49448000000.0,3446000000.0,1213099787.0,2047000000.0,,,,,,,,1.6902784562774793,
2021-12-25,2025-02-13,10-K,2024,FY,,,,,,,,,49448000000.0,3446000000.0,1194989953.0,,,,,,,,,,
2022-02-12,2022-02-17,10-K,2021,FY,,,,,,,,,,,1223740203.0,,,,,,,,,,
2022-03-26,2022-04-28,10-Q,2022,Q1,9275000000.0,9064000000.0,9275000000.0,9064000000.0,,50000000.0,1115000000.0,781000000.0,49797000000.0,2980000000.0,1223951939.0,242000000.0,,50000000.0,50000000.0,0.9772506738544474,1.023278905560459,,0.08420485175202157,4.607438016528926,0.3212938005390836
2022-03-26,2022-07-28,10-Q,2022,Q2,,,,,,,,,49797000000.0,,1225439747.0,,,,,,,,,,
2022-03-26,2022-10-27,10-Q,2022,Q3,,,,,,,,,49797000000.0,,1224930164.0,,,,,,,,,,
2022-03-26,2023-05-03,10-Q,2022,Q3,,,,,,,1115000000.0,781000000.0,49797000000.0,2980000000.0,1227237484.0,242000000.0,,,,,,,,4.607438016528926,
2022-03-26,2023-08-02,10-Q,2023,Q2,,,,,,,,,49797000000.0,,1228294502.0,,,,,,,,,,
2022-03-26,2023-11-01,10-Q,2023,Q3,,,,,,,,,49797000000.0,,1226538694.0,,,,,,,,,,
2022-04-23,2022-04-28,10-Q,2022,Q1,,,,,,,,,,,1223951939.0,,,,,,,,,,
2022-06-25,2022-07-28,10-Q,2022,Q2,8138000000.0,9119000000.0,8138000000.0,9119000000.0,,47000000.0,542000000.0,265000000.0,48962000000.0,1519000000.0,1225439747.0,234000000.0,,47000000.0,47000000.0,1.1205455885967068,0.8924224147384582,,0.03256328336200541,2.3162393162393164,0.18665519783730647
2022-06-25,2022-10-27,10-Q,2022,Q3,,,,,,,,,48962000000.0,,1224930164.0,,,,,,,,,,
2022-06-25,2023-08-02,10-Q,2023,Q2,,,,,,,542000000.0,265000000.0,48962000000.0,1519000000.0,1228294502.0,234000000.0,,,,,,,,2.3162393162393164,
2022-06-25,2023-11-01,10-Q,2023,Q3,,,,,,,,,48962000000.0,,1226538694.0,,,,,,,,,,
2022-07-23,2022-07-28,10-Q,2022,Q2,,,,,,,,,,,1225439747.0,,,,,,,,,,
2022-09-24,2022-10-27,10-Q,2022,Q3,7860000000.0,8686000000.0,7860000000.0,8686000000.0,,4000000.0,751000000.0,435000000.0,48306000000.0,998000000.0,1224930164.0,228000000.0,,4000000.0,4000000.0,1.105089058524173,0.9049044439327654,,0.05534351145038168,3.293859649122807,0.12697201017811705
2022-09-24,2023-11-01,10-Q,2023,Q3,,,,,,,751000000.0,435000000.0,48306000000.0,998000000.0,1226538694.0,228000000.0,,,,,,,,3.293859649122807,
2022-10-22,2022-10-27,10-Q,2022,Q3,,,,,,,,,,,1224930164.0,,,,,,,,,,
2022-12-31,2023-02-16,10-K,2022,FY,7897000000.0,9028000000.0,7897000000.0,9028000000.0,,6000000.0,3634000000.0,2368000000.0,48830000000.0,1041000000.0,1225003377.0,921000000.0,,6000000.0,6000000.0,1.1432189439027478,0.8747230837394772,,0.2998607065974421,3.9457111834961998,0.13182221096618968
2022-12-31,2023-05-03,10-Q,2022,Q3,7897000000.0,9028000000.0,7897000000.0,9028000000.0,,6000000.0,,,48830000000.0,1041000000.0,1227237484.0,,,6000000.0,6000000.0,1.1432189439027478,0.8747230837394772,,,,0.13182221096618968
2022-12-31,2023-08-02,10-Q,2023,Q2,7897000000.0,9028000000.0,7897000000.0,9028000000.0,,6000000.0,,,48830000000.0,1041000000.0,1228294502.0,,,6000000.0,6000000.0,1.1432189439027478,0.8747230837394772,,,,0.13182221096618968
2022-12-31,2023-11-01,10-Q,2023,Q3,7897000000.0,9028000000.0,7897000000.0,9028000000.0,,6000000.0,,,48830000000.0,1041000000.0,1226538694.0,,,6000000.0,6000000.0,1.1432189439027478,0.8747230837394772,,,,0.13182221096618968
2022-12-31,2024-02-15,10-K,2023,FY,7897000000.0,9028000000.0,7897000000.0,9028000000.0,,6000000.0,3634000000.0,2368000000.0,48830000000.0,1041000000.0,1213099787.0,921000000.0,,6000000.0,6000000.0,1.1432189439027478,0.8747230837394772,,0.2998607065974421,3.9457111834961998,0.13182221096618968
2022-12-31,2024-05-01,10-Q,2024,Q1,,,,,,,,,48830000000.0,1041000000.0,1214298182.0,,,,,,,,,,
2022-12-31,2024-07-31,10-Q,2024,Q2,,,,,,,,,48830000000.0,1041000000.0,1209078897.0,,,,,,,,,,
2022-12-31,2024-10-30,10-Q,2024,Q3,,,,,,,,,48830000000.0,1041000000.0,1209174894.0,,,,,,,,,,
2022-12-31,2025-02-13,10-K,2024,FY,,,,,,,3634000000.0,2368000000.0,48830000000.0,1041000000.0,1194989953.0,921000000.0,,,,,,,,3.9457111834961998,
2022-12-31,2026-02-12,10-K,2025,FY,,,,,,,,,48830000000.0,1041000000.0,1183744751.0,,,,,,,,,,
2023-02-11,2023-02-16,10-K,2022,FY,,,,,,,,,,,1225003377.0,,,,,,,,,,
2023-04-01,2023-05-03,10-Q,2022,Q3,8216000000.0,8954000000.0,8216000000.0,8954000000.0,,2000000.0,1243000000.0,837000000.0,49313000000.0,828000000.0,1227237484.0,227000000.0,,2000000.0,2000000.0,1.0898247322297956,0.9175787357605539,,0.10187439143135346,5.475770925110132,0.10077896786757547
2023-04-01,2023-08-02,10-Q,2023,Q2,,,,,,,,,49313000000.0,,1228294502.0,,,,,,,,,,
2023-04-01,2023-11-01,10-Q,2023,Q3,,,,,,,,,49313000000.0,,1226538694.0,,,,,,,,,,
2023-04-01,2024-05-01,10-Q,2024,Q1,,,,,,,1243000000.0,837000000.0,49313000000.0,828000000.0,1214298182.0,227000000.0,,,,,,,,5.475770925110132,
2023-04-01,2024-07-31,10-Q,2024,Q2,,,,,,,,,49313000000.0,,1209078897.0,,,,,,,,,,
2023-04-01,2024-10-30,10-Q,2024,Q3,,,,,,,,,49313000000.0,,1209174894.0,,,,,,,,,,
2023-04-29,2023-05-03,10-Q,2022,Q3,,,,,,,,,,,1227237484.0,,,,,,,,,,
2023-07-01,2023-08-02,10-Q,2023,Q2,7994000000.0,8385000000.0,7994000000.0,8385000000.0,,1000000.0,1376000000.0,998000000.0,49974000000.0,949000000.0,1228294502.0,228000000.0,,1000000.0,1000000.0,1.048911683762822,0.9533691115086463,,0.12484363272454341,6.035087719298246,0.11871403552664499
2023-07-01,2023-11-01,10-Q,2023,Q3,,,,,,,,,49974000000.0,,1226538694.0,,,,,,,,,,
2023-07-01,2024-07-31,10-Q,2024,Q2,,,,,,,1376000000.0,998000000.0,49974000000.0,949000000.0,1209078897.0,228000000.0,,,,,,,,6.035087719298246,
2023-07-01,2024-10-30,10-Q,2024,Q3,,,,,,,,,49974000000.0,,1209174894.0,,,,,,,,,,
2023-07-29,2023-08-02,10-Q,2023,Q2,,,,,,,,,,,1228294502.0,,,,,,,,,,
2023-09-30,2023-11-01,10-Q,2023,Q3,7838000000.0,7804000000.0,7838000000.0,7804000000.0,,0.0,653000000.0,254000000.0,49434000000.0,1054000000.0,1226538694.0,228000000.0,,0.0,0.0,0.9956621587139577,1.004356740133265,,0.03240622607808114,2.8640350877192984,0.13447307986731308
2023-09-30,2024-10-30,10-Q,2024,Q3,,,,,,,653000000.0,254000000.0,49434000000.0,1054000000.0,1209174894.0,228000000.0,,,,,,,,2.8640350877192984,
2023-10-28,2023-11-01,10-Q,2023,Q3,,,,,,,,,,,1226538694.0,,,,,,,,,,
2023-12-30,2024-02-15,10-K,2023,FY,7929000000.0,8037000000.0,7929000000.0,8037000000.0,,0.0,4572000000.0,2846000000.0,49688000000.0,1404000000.0,1213099787.0,912000000.0,,0.0,0.0,1.0136208853575484,0.986562150055991,,0.3589355530331694,5.0131578947368425,0.17707150964812712
2023-12-30,2024-05-01,10-Q,2024,Q1,7929000000.0,8037000000.0,7929000000.0,8037000000.0,,,,,49688000000.0,1404000000.0,1214298182.0,,,8037000000.0,8037000000.0,1.0136208853575484,0.986562150055991,,,,0.17707150964812712
2023-12-30,2024-07-31,10-Q,2024,Q2,7929000000.0,8037000000.0,7929000000.0,8037000000.0,,,,,49688000000.0,1404000000.0,1209078897.0,,,8037000000.0,8037000000.0,1.0136208853575484,0.986562150055991,,,,0.17707150964812712
2023-12-30,2024-10-30,10-Q,2024,Q3,7929000000.0,8037000000.0,7929000000.0,8037000000.0,,0.0,,,49688000000.0,1404000000.0,1209174894.0,,,0.0,0.0,1.0136208853575484,0.986562150055991,,,,0.17707150964812712
2023-12-30,2025-02-13,10-K,2024,FY,7929000000.0,8037000000.0,7929000000.0,8037000000.0,,,4572000000.0,2846000000.0,49688000000.0,1404000000.0,1194989953.0,912000000.0,,8037000000.0,8037000000.0,1.0136208853575484,0.986562150055991,,0.3589355530331694,5.0131578947368425,0.17707150964812712
2023-12-30,2025-04-29,10-Q,2025,Q1,,,,,,,,,49688000000.0,1404000000.0,1183542101.0,,,,,,,,,,
2023-12-30,2025-07-30,10-Q,2025,Q2,,,,,,,,,49688000000.0,1404000000.0,1183599215.0,,,,,,,,,,
2023-12-30,2025-10-29,10-Q,2025,Q3,,,,,,,,,49688000000.0,1404000000.0,1183655579.0,,,,,,,,,,
2023-12-30,2026-02-12,10-K,2025,FY,,,,,,,4572000000.0,2846000000.0,49688000000.0,1404000000.0,1183744751.0,912000000.0,,,,,,,,5.0131578947368425,
2024-02-10,2024-02-15,10-K,2023,FY,,,,,,,,,,,1213099787.0,,,,,,,,,,
2024-03-30,2024-05-01,10-Q,2024,Q1,8233000000.0,7571000000.0,8233000000.0,7571000000.0,,,1302000000.0,804000000.0,49653000000.0,1628000000.0,1214298182.0,226000000.0,,7571000000.0,7571000000.0,0.9195918863111867,1.0874389116365077,,0.09765577553747115,5.761061946902655,0.1977407992226406
2024-03-30,2024-07-31,10-Q,2024,Q2,,,,,,,,,49653000000.0,,1209078897.0,,,,,,,,,,
2024-03-30,2024-10-30,10-Q,2024,Q3,,,,,,,,,49653000000.0,,1209174894.0,,,,,,,,,,
2024-03-30,2025-04-29,10-Q,2025,Q1,,,,,,,1302000000.0,804000000.0,49653000000.0,1628000000.0,1183542101.0,226000000.0,,,,,,,,5.761061946902655,
2024-03-30,2025-07-30,10-Q,2025,Q2,,,,,,,,,49653000000.0,,1183599215.0,,,,,,,,,,
2024-03-30,2025-10-29,10-Q,2025,Q3,,,,,,,,,49653000000.0,,1183655579.0,,,,,,,,,,
2024-04-27,2024-05-01,10-Q,2024,Q1,,,,,,,,,,,1214298182.0,,,,,,,,,,
2024-06-29,2024-07-31,10-Q,2024,Q2,7530000000.0,7486000000.0,7530000000.0,7486000000.0,,,522000000.0,100000000.0,49021000000.0,902000000.0,1209078897.0,229000000.0,,7486000000.0,7486000000.0,0.9941567065073041,1.0058776382580819,,0.013280212483399735,2.2794759825327513,0.1197875166002656
2024-06-29,2024-10-30,10-Q,2024,Q3,,,,,,,,,49021000000.0,,1209174894.0,,,,,,,,,,
2024-06-29,2025-07-30,10-Q,2025,Q2,,,,,,,522000000.0,100000000.0,49021000000.0,902000000.0,1183599215.0,229000000.0,,,,,,,,2.2794759825327513,
2024-06-29,2025-10-29,10-Q,2025,Q3,,,,,,,,,49021000000.0,,1183655579.0,,,,,,,,,,
2024-07-27,2024-07-31,10-Q,2024,Q2,,,,,,,,,,,1209078897.0,,,,,,,,,,
2024-09-28,2024-10-30,10-Q,2024,Q3,8202000000.0,7728000000.0,8202000000.0,7728000000.0,,13000000.0,-101000000.0,-290000000.0,48463000000.0,1288000000.0,1209174894.0,230000000.0,,13000000.0,13000000.0,0.9422092172640819,1.061335403726708,,-0.035357229943916116,-0.4391304347826087,0.15703486954401366
2024-09-28,2025-10-29,10-Q,2025,Q3,,,,,,,-101000000.0,-290000000.0,48463000000.0,1288000000.0,1183655579.0,230000000.0,,,,,,,,-0.4391304347826087,
2024-10-26,2024-10-30,10-Q,2024,Q3,,,,,,,,,,,1209174894.0,,,,,,,,,,
2024-12-28,2025-02-13,10-K,2024,FY,7655000000.0,7253000000.0,7655000000.0,7253000000.0,,,1683000000.0,2746000000.0,49319000000.0,1486000000.0,1194989953.0,912000000.0,,7253000000.0,7253000000.0,0.9474853037230568,1.0554253412381083,,0.3587197909862835,1.8453947368421053,0.19412148922273023
2024-12-28,2025-04-29,10-Q,2025,Q1,7655000000.0,7253000000.0,7655000000.0,7253000000.0,,,,,49319000000.0,1486000000.0,1183542101.0,,,7253000000.0,7253000000.0,0.9474853037230568,1.0554253412381083,,,,0.19412148922273023
2024-12-28,2025-07-30,10-Q,2025,Q2,7655000000.0,7253000000.0,7655000000.0,7253000000.0,,,,,49319000000.0,1486000000.0,1183599215.0,,,7253000000.0,7253000000.0,0.9474853037230568,1.0554253412381083,,,,0.19412148922273023
2024-12-28,2025-10-29,10-Q,2025,Q3,7655000000.0,7253000000.0,7655000000.0,7253000000.0,,,,,49319000000.0,1486000000.0,1183655579.0,,,7253000000.0,7253000000.0,0.9474853037230568,1.0554253412381083,,,,0.19412148922273023
2024-12-28,2026-02-12,10-K,2025,FY,7655000000.0,7253000000.0,7655000000.0,7253000000.0,,,1683000000.0,2746000000.0,49319000000.0,1486000000.0,1183744751.0,912000000.0,,7253000000.0,7253000000.0,0.9474853037230568,1.0554253412381083,,0.3587197909862835,1.8453947368421053,0.19412148922273023
2024-12-28,2026-05-06,10-Q,2026,Q1,,,,,,,,,49319000000.0,1486000000.0,1185777638.0,,,,,,,,,,
2025-02-08,2025-02-13,10-K,2024,FY,,,,,,,,,,,1194989953.0,,,,,,,,,,
2025-03-29,2025-04-29,10-Q,2025,Q1,9458000000.0,7235000000.0,9458000000.0,7235000000.0,,,1196000000.0,714000000.0,49598000000.0,2263000000.0,1183542101.0,229000000.0,,7235000000.0,7235000000.0,0.764960879678579,1.307256392536282,,0.07549164728272362,5.222707423580786,0.2392683442588285
2025-03-29,2025-07-30,10-Q,2025,Q2,,,,,,,,,49598000000.0,,1183599215.0,,,,,,,,,,
2025-03-29,2025-10-29,10-Q,2025,Q3,,,,,,,,,49598000000.0,,1183655579.0,,,,,,,,,,
2025-03-29,2026-05-06,10-Q,2026,Q1,,,,,,,1196000000.0,714000000.0,49598000000.0,2263000000.0,1185777638.0,229000000.0,,,,,,,,5.222707423580786,
2025-04-26,2025-04-29,10-Q,2025,Q1,,,,,,,,,,,1183542101.0,,,,,,,,,,
2025-06-28,2025-07-30,10-Q,2025,Q2,9241000000.0,8624000000.0,9241000000.0,8624000000.0,,,-7974000000.0,-7823000000.0,41485000000.0,1712000000.0,1183599215.0,240000000.0,,8624000000.0,8624000000.0,0.9332323341629694,1.0715445269016697,,-0.8465534033113299,-33.225,0.18526133535331674
2025-06-28,2025-10-29,10-Q,2025,Q3,,,,,,,,,41485000000.0,,1183655579.0,,,,,,,,,,
2025-07-26,2025-07-30,10-Q,2025,Q2,,,,,,,,,,,1183599215.0,,,,,,,,,,
2025-09-27,2025-10-29,10-Q,2025,Q3,9988000000.0,8863000000.0,9988000000.0,8863000000.0,,,1025000000.0,613000000.0,41572000000.0,2251000000.0,1183655579.0,240000000.0,,8863000000.0,8863000000.0,0.8873648378053665,1.1269321900033848,,0.06137364837805367,4.270833333333333,0.22537044453344013
2025-10-25,2025-10-29,10-Q,2025,Q3,,,,,,,,,,,1183655579.0,,,,,,,,,,
2025-12-27,2026-02-12,10-K,2025,FY,10127000000.0,8778000000.0,10127000000.0,8778000000.0,,,-4669000000.0,-5848000000.0,41777000000.0,2944000000.0,1183744751.0,947000000.0,,8778000000.0,8778000000.0,0.8667917448405253,1.1536796536796536,,-0.5774661795200948,-4.9303062302006335,0.29070800829465787
2025-12-27,2026-05-06,10-Q,2026,Q1,10127000000.0,8778000000.0,10127000000.0,8778000000.0,,,,,41777000000.0,2944000000.0,1185777638.0,,,8778000000.0,8778000000.0,0.8667917448405253,1.1536796536796536,,,,0.29070800829465787
2026-02-07,2026-02-12,10-K,2025,FY,,,,,,,,,,,1183744751.0,,,,,,,,,,
2026-03-28,2026-05-06,10-Q,2026,Q1,10681000000.0,8938000000.0,10681000000.0,8938000000.0,,,1145000000.0,799000000.0,42036000000.0,3616000000.0,1185777638.0,236000000.0,,8938000000.0,8938000000.0,0.8368130324875948,1.1950100693667487,,0.07480572980058046,4.851694915254237,0.33854508004868455
2026-05-02,2026-05-06,10-Q,2026,Q1,,,,,,,,,,,1185777638.0,,,,,,,,,,
