period_end,filed,form,fiscal_year,fiscal_period,assets,liabilities,current_assets,current_liabilities,long_term_debt,revenue,operating_income,net_income,stockholders_equity,cash,shares_outstanding,interest_expense,current_debt,default_point_proxy,total_debt_proxy,book_leverage,current_ratio,net_margin,return_on_assets,interest_coverage_proxy,cash_to_assets
2007-05-31,2010-07-01,10-K,2010,FY,,,,,,,,,17235000000.0,6218000000.0,5026247000.0,,,,,,,,,,
2008-05-31,2009-09-21,10-Q,2010,Q1,,,,,,,,,,8262000000.0,5013168000.0,,,,,,,,,,
2008-05-31,2009-12-22,10-Q,2010,Q2,,,,,,,,,,8262000000.0,5011220000.0,,,,,,,,,,
2008-05-31,2010-03-29,10-Q,2010,Q3,,,,,,,,,,8262000000.0,5019091000.0,,,,,,,,,,
2008-05-31,2010-07-01,10-K,2010,FY,,,,,,0.0,7844000000.0,5581000000.0,23394000000.0,8262000000.0,5026247000.0,-394000000.0,,,,,,inf,,-19.908629441624367,
2008-05-31,2011-06-28,10-K,2011,FY,,,,,,,,,23394000000.0,8262000000.0,5065515000.0,,,,,,,,,,
2008-08-31,2009-09-21,10-Q,2010,Q1,,,,,,5331000000.0,1521000000.0,,,8553000000.0,5013168000.0,-159000000.0,,,,,,,,-9.566037735849056,
2008-11-30,2009-12-22,10-Q,2010,Q2,,,,,,5607000000.0,1975000000.0,,,7353000000.0,5011220000.0,-157000000.0,,,,,,,,-12.579617834394904,
2009-02-28,2010-03-29,10-Q,2010,Q3,,,,,,0.0,1940000000.0,,,8211000000.0,5019091000.0,-154000000.0,,,,,,,,-12.597402597402597,
2009-05-31,2009-09-21,10-Q,2010,Q1,18581000000.0,9149000000.0,18581000000.0,9149000000.0,,,,,25445000000.0,8995000000.0,5013168000.0,,,9149000000.0,9149000000.0,0.4923846940423013,2.030932342332495,,,,0.4840966578763253
2009-05-31,2009-12-22,10-Q,2010,Q2,18581000000.0,9149000000.0,18581000000.0,9149000000.0,,,,,25445000000.0,8995000000.0,5011220000.0,,,9149000000.0,9149000000.0,0.4923846940423013,2.030932342332495,,,,0.4840966578763253
2009-05-31,2010-03-29,10-Q,2010,Q3,18581000000.0,9149000000.0,18581000000.0,9149000000.0,,,,,25445000000.0,8995000000.0,5019091000.0,,,9149000000.0,9149000000.0,0.4923846940423013,2.030932342332495,,,,0.4840966578763253
2009-05-31,2010-07-01,10-K,2010,FY,18581000000.0,9149000000.0,18581000000.0,9149000000.0,,0.0,8321000000.0,5677000000.0,25445000000.0,8995000000.0,5026247000.0,-630000000.0,,9149000000.0,9149000000.0,0.4923846940423013,2.030932342332495,inf,0.30552715139120606,-13.207936507936507,0.4840966578763253
2009-05-31,2010-12-21,10-Q,2011,Q2,,,,,,,,,,8995000000.0,5052420000.0,,,,,,,,,,
2009-05-31,2011-03-29,10-Q,2011,Q3,,,,,,,,,,8995000000.0,5060516000.0,,,,,,,,,,
2009-05-31,2011-06-28,10-K,2011,FY,,,,,,23252000000.0,8321000000.0,5677000000.0,25445000000.0,8995000000.0,5065515000.0,630000000.0,,,,,,0.2441510407706864,,13.207936507936507,
2009-05-31,2012-06-26,10-K,2012,FY,,,,,,,,,25445000000.0,8995000000.0,4882506000.0,,,,,,,,,,
2009-08-31,2009-09-21,10-Q,2010,Q1,24445000000.0,9160000000.0,24445000000.0,9160000000.0,,5054000000.0,1740000000.0,,26487000000.0,16098000000.0,5013168000.0,-179000000.0,,9160000000.0,9160000000.0,0.37471875639190017,2.6686681222707422,,,-9.720670391061452,0.6585395786459398
2009-09-16,2009-09-21,10-Q,2010,Q1,,,,,,,,,,,5013168000.0,,,,,,,,,,
2009-11-30,2009-12-22,10-Q,2010,Q2,25235000000.0,8534000000.0,25235000000.0,8534000000.0,,5858000000.0,2178000000.0,,27915000000.0,14919000000.0,5011220000.0,-188000000.0,,8534000000.0,8534000000.0,0.33818109768179117,2.9569955472228733,,,-11.585106382978724,0.591202694670101
2009-11-30,2010-12-21,10-Q,2011,Q2,,,,,,0.0,2178000000.0,,,14919000000.0,5052420000.0,188000000.0,,,,,,,,11.585106382978724,
2009-12-15,2009-12-22,10-Q,2010,Q2,,,,,,,,,,,5011220000.0,,,,,,,,,,
2010-02-28,2010-03-29,10-Q,2010,Q3,23979000000.0,14251000000.0,23979000000.0,14251000000.0,,458000000.0,1843000000.0,,28851000000.0,9331000000.0,5019091000.0,-186000000.0,,14251000000.0,14251000000.0,0.5943116893948872,1.6826187635955372,,,-9.908602150537634,0.38913215730430795
2010-02-28,2011-03-29,10-Q,2011,Q3,,,,,,458000000.0,1843000000.0,,,9331000000.0,5060516000.0,186000000.0,,,,,,,,9.908602150537634,
2010-03-23,2010-03-29,10-Q,2010,Q3,,,,,,,,,,,5019091000.0,,,,,,,,,,
2010-05-31,2010-07-01,10-K,2010,FY,27004000000.0,14691000000.0,27004000000.0,14691000000.0,,2290000000.0,9062000000.0,6230000000.0,31199000000.0,9914000000.0,5026247000.0,-754000000.0,,14691000000.0,14691000000.0,0.5440305139979262,1.8381321897760534,2.7205240174672487,0.23070656199081618,-12.018567639257295,0.36713079543771293
2010-05-31,2010-12-21,10-Q,2011,Q2,27004000000.0,14691000000.0,27004000000.0,14691000000.0,,,,,31199000000.0,9914000000.0,5052420000.0,,,14691000000.0,14691000000.0,0.5440305139979262,1.8381321897760534,,,,0.36713079543771293
2010-05-31,2011-03-29,10-Q,2011,Q3,27004000000.0,14691000000.0,27004000000.0,14691000000.0,,,,,31199000000.0,9914000000.0,5060516000.0,,,14691000000.0,14691000000.0,0.5440305139979262,1.8381321897760534,,,,0.36713079543771293
2010-05-31,2011-06-28,10-K,2011,FY,27004000000.0,14691000000.0,27004000000.0,14691000000.0,,2290000000.0,9062000000.0,6230000000.0,31199000000.0,9914000000.0,5065515000.0,754000000.0,,14691000000.0,14691000000.0,0.5440305139979262,1.8381321897760534,2.7205240174672487,0.23070656199081618,12.018567639257295,0.36713079543771293
2010-05-31,2011-09-23,10-Q,2012,Q1,,,,,,,,,,9914000000.0,5044602000.0,,,,,,,,,,
2010-05-31,2011-12-23,10-Q,2012,Q2,,,,,,,,,,9914000000.0,5025837000.0,,,,,,,,,,
2010-05-31,2012-03-23,10-Q,2012,Q3,,,,,,,,,,9914000000.0,4975106000.0,,,,,,,,,,
2010-05-31,2012-06-26,10-K,2012,FY,,,,,,26820000000.0,9062000000.0,6230000000.0,31199000000.0,9914000000.0,4882506000.0,754000000.0,,,,,,0.23228933631618195,,12.018567639257295,
2010-05-31,2013-06-26,10-K,2013,FY,,,,,,,,,31199000000.0,9914000000.0,4630807000.0,,,,,,,,,,
2010-06-22,2010-07-01,10-K,2010,FY,,,,,,,,,,,5026247000.0,,,,,,,,,,
2010-08-31,2011-09-23,10-Q,2012,Q1,,,,,,7502000000.0,1917000000.0,,,12018000000.0,5044602000.0,196000000.0,,,,,,,,9.78061224489796,
2010-11-30,2010-12-21,10-Q,2011,Q2,32723000000.0,13336000000.0,32723000000.0,13336000000.0,,1753000000.0,2770000000.0,,34850000000.0,10420000000.0,5052420000.0,214000000.0,,13336000000.0,13336000000.0,0.4075420957736149,2.45373425314937,,,12.94392523364486,0.3184304617547291
2010-11-30,2011-12-23,10-Q,2012,Q2,,,,,,8582000000.0,2770000000.0,,,10420000000.0,5025837000.0,214000000.0,,,,,,,,12.94392523364486,
2010-12-13,2010-12-21,10-Q,2011,Q2,,,,,,,,,,,5052420000.0,,,,,,,,,,
2011-02-28,2011-03-29,10-Q,2011,Q3,32459000000.0,11282000000.0,32459000000.0,11282000000.0,,1664000000.0,2987000000.0,,37059000000.0,11864000000.0,5060516000.0,204000000.0,,11282000000.0,11282000000.0,0.3475769432206784,2.87706080482184,,,14.642156862745098,0.3655072553066946
2011-02-28,2012-03-23,10-Q,2012,Q3,,,,,,8764000000.0,2987000000.0,,,11864000000.0,4975106000.0,204000000.0,,,,,,,,14.642156862745098,
2011-03-21,2011-03-29,10-Q,2011,Q3,,,,,,,,,,,5060516000.0,,,,,,,,,,
2011-05-31,2011-06-28,10-K,2011,FY,39174000000.0,14192000000.0,39174000000.0,14192000000.0,,6944000000.0,12033000000.0,8644000000.0,40245000000.0,16163000000.0,5065515000.0,808000000.0,,14192000000.0,14192000000.0,0.3622811048144177,2.7602874859075537,1.244815668202765,0.22065655792107008,14.892326732673267,0.41259508857915966
2011-05-31,2011-09-23,10-Q,2012,Q1,39174000000.0,14192000000.0,39174000000.0,14192000000.0,,,,,40245000000.0,16163000000.0,5044602000.0,,,14192000000.0,14192000000.0,0.3622811048144177,2.7602874859075537,,,,0.41259508857915966
2011-05-31,2011-12-23,10-Q,2012,Q2,39174000000.0,14192000000.0,39174000000.0,14192000000.0,,,,,40245000000.0,16163000000.0,5025837000.0,,,14192000000.0,14192000000.0,0.3622811048144177,2.7602874859075537,,,,0.41259508857915966
2011-05-31,2012-03-23,10-Q,2012,Q3,39174000000.0,14192000000.0,39174000000.0,14192000000.0,,,,,40245000000.0,16163000000.0,4975106000.0,,,14192000000.0,14192000000.0,0.3622811048144177,2.7602874859075537,,,,0.41259508857915966
2011-05-31,2012-06-26,10-K,2012,FY,39174000000.0,14192000000.0,39174000000.0,14192000000.0,,35622000000.0,12033000000.0,8644000000.0,40245000000.0,16163000000.0,4882506000.0,808000000.0,,14192000000.0,14192000000.0,0.3622811048144177,2.7602874859075537,0.24265903093593846,0.22065655792107008,14.892326732673267,0.41259508857915966
2011-05-31,2012-09-24,10-Q,2013,Q1,,,,,,,,,,16163000000.0,4819056000000000.0,,,,,,,,,,
2011-05-31,2012-12-21,10-Q,2013,Q2,,,,,,,,,,16163000000.0,4734297000.0,,,,,,,,,,
2011-05-31,2013-03-22,10-Q,2013,Q3,,,,,,,,,,16163000000.0,4710658000.0,,,,,,,,,,
2011-05-31,2013-06-26,10-K,2013,FY,,,,,,35622000000.0,12033000000.0,8644000000.0,40245000000.0,16163000000.0,4630807000.0,808000000.0,,,,,,0.24265903093593846,,14.892326732673267,
2011-05-31,2014-06-26,10-K,2014,FY,,,,,,,,,40245000000.0,16163000000.0,4454889000.0,,,,,,,,,,
2011-06-20,2011-06-28,10-K,2011,FY,,,,,,,,,,,5065515000.0,,,,,,,,,,
2011-08-31,2011-09-23,10-Q,2012,Q1,39206000000.0,13056000000.0,39206000000.0,13056000000.0,,8374000000.0,2683000000.0,,41239000000.0,13162000000.0,5044602000.0,192000000.0,,13056000000.0,13056000000.0,0.33301025353262254,3.0029105392156863,,,13.973958333333334,0.33571392133857064
2011-08-31,2012-09-24,10-Q,2013,Q1,,,,,,8374000000.0,2683000000.0,1840000000.0,,13162000000.0,4819056000000000.0,192000000.0,,,,,,0.21972772868402196,,13.973958333333334,
2011-09-16,2011-09-23,10-Q,2012,Q1,,,,,,,,,,,5044602000.0,,,,,,,,,,
2011-11-30,2011-12-23,10-Q,2012,Q2,38482000000.0,11072000000.0,38482000000.0,11072000000.0,,8792000000.0,3111000000.0,,42267000000.0,13286000000.0,5025837000.0,192000000.0,,11072000000.0,11072000000.0,0.28771893352736344,3.475614161849711,,,16.203125,0.34525232576269427
2011-11-30,2012-12-21,10-Q,2013,Q2,,,,,,8792000000.0,3111000000.0,2192000000.0,,13286000000.0,4734297000.0,192000000.0,,,,,,0.24931756141947226,,16.203125,
2011-12-16,2011-12-23,10-Q,2012,Q2,,,,,,,,,,,5025837000.0,,,,,,,,,,
2012-02-29,2012-03-23,10-Q,2012,Q3,37538000000.0,11632000000.0,37538000000.0,11632000000.0,,9039000000.0,3317000000.0,,43266000000.0,13781000000.0,4975106000.0,190000000.0,,11632000000.0,11632000000.0,0.3098726623687996,3.2271320495185694,,,17.457894736842107,0.36712131706537376
2012-02-29,2013-03-22,10-Q,2013,Q3,,,,,,9039000000.0,3317000000.0,2498000000.0,,13781000000.0,4710658000.0,190000000.0,,,,,,0.27635800420400486,,17.457894736842107,
2012-03-19,2012-03-23,10-Q,2012,Q3,,,,,,,,,,,4975106000.0,,,,,,,,,,
2012-05-31,2012-06-26,10-K,2012,FY,40023000000.0,15388000000.0,40023000000.0,15388000000.0,,37121000000.0,13706000000.0,10100000000.0,44087000000.0,14955000000.0,4882506000.0,766000000.0,,15388000000.0,15388000000.0,0.38447892461834443,2.6009227969846633,0.2720831874141322,0.25235489593483745,17.89295039164491,0.3736601454163856
2012-05-31,2012-09-24,10-Q,2013,Q1,40023000000.0,15388000000.0,40023000000.0,15388000000.0,,,,,44087000000.0,14955000000.0,4819056000000000.0,,,15388000000.0,15388000000.0,0.38447892461834443,2.6009227969846633,,,,0.3736601454163856
2012-05-31,2012-12-21,10-Q,2013,Q2,40023000000.0,15388000000.0,40023000000.0,15388000000.0,,,,,44087000000.0,14955000000.0,4734297000.0,,,15388000000.0,15388000000.0,0.38447892461834443,2.6009227969846633,,,,0.3736601454163856
2012-05-31,2013-03-22,10-Q,2013,Q3,40023000000.0,15388000000.0,40023000000.0,15388000000.0,,,,,44087000000.0,14955000000.0,4710658000.0,,,15388000000.0,15388000000.0,0.38447892461834443,2.6009227969846633,,,,0.3736601454163856
2012-05-31,2013-06-26,10-K,2013,FY,40023000000.0,15388000000.0,40023000000.0,15388000000.0,,37121000000.0,13706000000.0,10100000000.0,44087000000.0,14955000000.0,4630807000.0,766000000.0,,15388000000.0,15388000000.0,0.38447892461834443,2.6009227969846633,0.2720831874141322,0.25235489593483745,17.89295039164491,0.3736601454163856
2012-05-31,2013-09-20,10-Q,2014,Q1,,,,,,,,,,14955000000.0,4557459000.0,,,,,,,,,,
2012-05-31,2013-12-20,10-Q,2014,Q2,,,,,,,,,,14955000000.0,4497409000.0,,,,,,,,,,
2012-05-31,2014-03-20,10-Q,2014,Q3,,,,,,,,,,14955000000.0,4458886000.0,,,,,,,,,,
2012-05-31,2014-06-26,10-K,2014,FY,,,,,,37121000000.0,13706000000.0,10100000000.0,44087000000.0,14955000000.0,4454889000.0,766000000.0,,,,,,0.2720831874141322,,17.89295039164491,
2012-05-31,2015-06-25,10-K,2015,FY,,,,,,,,,44087000000.0,14955000000.0,4336077000.0,,,,,,,,,,
2012-06-20,2012-06-26,10-K,2012,FY,,,,,,,,,,,4882506000.0,,,,,,,,,,
2012-08-31,2012-09-24,10-Q,2013,Q1,38172000000.0,13955000000.0,38172000000.0,13955000000.0,,8181000000.0,2879000000.0,2034000000.0,43736000000.0,15667000000.0,4819056000000000.0,188000000.0,,13955000000.0,13955000000.0,0.36558210206434033,2.7353636689358654,0.24862486248624863,0.05328513046211883,15.313829787234043,0.4104317300639212
2012-08-31,2013-09-20,10-Q,2014,Q1,,,,,,8181000000.0,2879000000.0,2034000000.0,,15667000000.0,4557459000.0,188000000.0,,,,,,0.24862486248624863,,15.313829787234043,
2012-09-17,2012-09-24,10-Q,2013,Q1,,,,,,,,,,,4819056000000000.0,,,,,,,,,,
2012-11-30,2012-12-21,10-Q,2013,Q2,41129000000.0,12347000000.0,41129000000.0,12347000000.0,,9094000000.0,3471000000.0,2581000000.0,43410000000.0,15912000000.0,4734297000.0,195000000.0,,12347000000.0,12347000000.0,0.3002018040798463,3.3310925730946788,0.283813503408841,0.06275377470884291,17.8,0.3868803034355321
2012-11-30,2013-12-20,10-Q,2014,Q2,,,,,,9094000000.0,3471000000.0,2581000000.0,,15912000000.0,4497409000.0,195000000.0,,,,,,0.283813503408841,,17.8,
2012-12-14,2012-12-21,10-Q,2013,Q2,,,,,,,,,,,4734297000.0,,,,,,,,,,
2013-02-28,2013-03-22,10-Q,2013,Q3,40686000000.0,11916000000.0,40686000000.0,11916000000.0,,8958000000.0,3334000000.0,2504000000.0,43790000000.0,16101000000.0,4710658000.0,205000000.0,,11916000000.0,11916000000.0,0.2928771567615396,3.414400805639476,0.27952668006251397,0.06154451162562061,16.26341463414634,0.39573809172688396
2013-02-28,2014-03-20,10-Q,2014,Q3,,,,,,8958000000.0,3334000000.0,2504000000.0,,16101000000.0,4458886000.0,205000000.0,,,,,,0.27952668006251397,,16.26341463414634,
2013-03-15,2013-03-22,10-Q,2013,Q3,,,,,,,,,,,4710658000.0,,,,,,,,,,
2013-05-31,2013-06-26,10-K,2013,FY,41692000000.0,12872000000.0,41692000000.0,12872000000.0,,37180000000.0,14684000000.0,11037000000.0,45145000000.0,14613000000.0,4630807000.0,797000000.0,,12872000000.0,12872000000.0,0.30874028590616903,3.2389683032939716,0.29685314685314684,0.2647270459560587,18.424090338770387,0.3504988966708241
2013-05-31,2013-09-20,10-Q,2014,Q1,41692000000.0,12872000000.0,41692000000.0,12872000000.0,,,,,45145000000.0,14613000000.0,4557459000.0,,,12872000000.0,12872000000.0,0.30874028590616903,3.2389683032939716,,,,0.3504988966708241
2013-05-31,2013-12-20,10-Q,2014,Q2,41692000000.0,12872000000.0,41692000000.0,12872000000.0,,,,,45145000000.0,14613000000.0,4497409000.0,,,12872000000.0,12872000000.0,0.30874028590616903,3.2389683032939716,,,,0.3504988966708241
2013-05-31,2014-03-20,10-Q,2014,Q3,41692000000.0,12872000000.0,41692000000.0,12872000000.0,,,,,45145000000.0,14613000000.0,4458886000.0,,,12872000000.0,12872000000.0,0.30874028590616903,3.2389683032939716,,,,0.3504988966708241
2013-05-31,2014-06-26,10-K,2014,FY,41692000000.0,12872000000.0,41692000000.0,12872000000.0,,37180000000.0,14684000000.0,11037000000.0,45145000000.0,14613000000.0,4454889000.0,797000000.0,,12872000000.0,12872000000.0,0.30874028590616903,3.2389683032939716,0.29685314685314684,0.2647270459560587,18.424090338770387,0.3504988966708241
2013-05-31,2014-09-23,10-Q,2015,Q1,,,,,,,,,,14613000000.0,4431304000.0,,,,,,,,,,
2013-05-31,2014-12-19,10-Q,2015,Q2,,,,,,,,,,14613000000.0,4391367000.0,,,,,,,,,,
2013-05-31,2015-03-19,10-Q,2015,Q3,,,,,,,,,,14613000000.0,4367070000.0,,,,,,,,,,
2013-05-31,2015-06-25,10-K,2015,FY,,,,,,37180000000.0,14684000000.0,11037000000.0,45145000000.0,14613000000.0,4336077000.0,797000000.0,,,,,,0.29685314685314684,,18.424090338770387,
2013-05-31,2016-06-22,10-K,2016,FY,,,,,,,,,45145000000.0,14613000000.0,4122730000.0,,,,,,,,,,
2013-06-19,2013-06-26,10-K,2013,FY,,,,,,,,,,,4630807000.0,,,,,,,,,,
2013-08-31,2013-09-20,10-Q,2014,Q1,45457000000.0,14526000000.0,45457000000.0,14526000000.0,,8372000000.0,2873000000.0,2191000000.0,43986000000.0,19664000000.0,4557459000.0,217000000.0,,14526000000.0,14526000000.0,0.3195547440438216,3.1293542613245218,0.2617056856187291,0.04819939723254944,13.23963133640553,0.4325846404294168
2013-08-31,2014-09-23,10-Q,2015,Q1,,,,,,8372000000.0,2873000000.0,2191000000.0,,19664000000.0,4431304000.0,217000000.0,,,,,,0.2617056856187291,,13.23963133640553,
2013-09-13,2013-09-20,10-Q,2014,Q1,,,,,,,,,,,4557459000.0,,,,,,,,,,
2013-11-30,2013-12-20,10-Q,2014,Q2,44252000000.0,13110000000.0,44252000000.0,13110000000.0,,9275000000.0,3410000000.0,2553000000.0,44066000000.0,14894000000.0,4497409000.0,230000000.0,,13110000000.0,13110000000.0,0.29625779625779625,3.375438596491228,0.27525606469002695,0.057692307692307696,14.826086956521738,0.33657235831148874
2013-11-30,2014-12-19,10-Q,2015,Q2,,,,,,9275000000.0,3410000000.0,2553000000.0,,14894000000.0,4391367000.0,230000000.0,,,,,,0.27525606469002695,,14.826086956521738,
2013-12-13,2013-12-20,10-Q,2014,Q2,,,,,,,,,,,4497409000.0,,,,,,,,,,
2014-02-28,2014-03-20,10-Q,2014,Q3,44404000000.0,13092000000.0,44404000000.0,13092000000.0,,9307000000.0,3567000000.0,2565000000.0,45235000000.0,16832000000.0,4458886000.0,228000000.0,,13092000000.0,13092000000.0,0.2948383028555986,3.3916895814237704,0.2755990114967229,0.05776506621025133,15.644736842105264,0.3790649491036844
2014-02-28,2015-03-19,10-Q,2015,Q3,,,,,,9307000000.0,3567000000.0,2565000000.0,,16832000000.0,4367070000.0,228000000.0,,,,,,0.2755990114967229,,15.644736842105264,
2014-03-13,2014-03-20,10-Q,2014,Q3,,,,,,,,,,,4458886000.0,,,,,,,,,,
2014-05-31,2014-06-26,10-K,2014,FY,48138000000.0,14389000000.0,48138000000.0,14389000000.0,,38275000000.0,14759000000.0,11053000000.0,47447000000.0,17769000000.0,4454889000.0,914000000.0,,14389000000.0,14389000000.0,0.2989114628775604,3.3454722357356315,0.28877857609405616,0.2296107025634634,16.14770240700219,0.3691262619967593
2014-05-31,2014-09-23,10-Q,2015,Q1,48138000000.0,14389000000.0,48138000000.0,14389000000.0,,,,,47447000000.0,17769000000.0,4431304000.0,,,14389000000.0,14389000000.0,0.2989114628775604,3.3454722357356315,,,,0.3691262619967593
2014-05-31,2014-12-19,10-Q,2015,Q2,48138000000.0,14389000000.0,48138000000.0,14389000000.0,,,,,47447000000.0,17769000000.0,4391367000.0,,,14389000000.0,14389000000.0,0.2989114628775604,3.3454722357356315,,,,0.3691262619967593
2014-05-31,2015-03-19,10-Q,2015,Q3,48138000000.0,14389000000.0,48138000000.0,14389000000.0,,,,,47447000000.0,17769000000.0,4367070000.0,,,14389000000.0,14389000000.0,0.2989114628775604,3.3454722357356315,,,,0.3691262619967593
2014-05-31,2015-06-25,10-K,2015,FY,48128000000.0,14389000000.0,48128000000.0,14389000000.0,,38275000000.0,14759000000.0,11053000000.0,47447000000.0,17769000000.0,4336077000.0,914000000.0,,14389000000.0,14389000000.0,0.2989735704787234,3.3447772604072554,0.28877857609405616,0.22965841090425532,16.14770240700219,0.36920295877659576
2014-05-31,2015-09-18,10-Q,2016,Q1,,,,,,,,,,17769000000.0,4268744000.0,,,,,,,,,,
2014-05-31,2015-12-18,10-Q,2016,Q2,,,,,,,,,,17769000000.0,4201220000.0,,,,,,,,,,
2014-05-31,2016-03-18,10-Q,2016,Q3,,,,,,,,,,17769000000.0,4149865000.0,,,,,,,,,,
2014-05-31,2016-06-22,10-K,2016,FY,,,,,,38275000000.0,14759000000.0,11053000000.0,47447000000.0,17769000000.0,4122730000.0,914000000.0,,,,,,0.28877857609405616,,16.14770240700219,
2014-05-31,2017-06-27,10-K,2017,FY,,,,,,,,,47447000000.0,17769000000.0,4136682000.0,,,,,,,,,,
2014-06-19,2014-06-26,10-K,2014,FY,,,,,,,,,,,4454889000.0,,,,,,,,,,
2014-08-31,2014-09-23,10-Q,2015,Q1,58194000000.0,13377000000.0,58194000000.0,13377000000.0,,8596000000.0,2963000000.0,2184000000.0,47931000000.0,24179000000.0,4431304000.0,261000000.0,,13377000000.0,13377000000.0,0.22986905866584184,4.350302758466023,0.254071661237785,0.03752964223115785,11.352490421455938,0.41548956937141285
2014-08-31,2015-09-18,10-Q,2016,Q1,,,,,,8596000000.0,2963000000.0,2184000000.0,,24179000000.0,4268744000.0,261000000.0,,,,,,0.254071661237785,,11.352490421455938,
2014-09-16,2014-09-23,10-Q,2015,Q1,,,,,,,,,,,4431304000.0,,,,,,,,,,
2014-11-30,2014-12-19,10-Q,2015,Q2,52040000000.0,11985000000.0,52040000000.0,11985000000.0,,9598000000.0,3542000000.0,2502000000.0,47962000000.0,16153000000.0,4391367000.0,282000000.0,,11985000000.0,11985000000.0,0.23030361260568794,4.34209428452232,0.2606793081892061,0.048078401229823216,12.560283687943262,0.3103958493466564
2014-11-30,2015-12-18,10-Q,2016,Q2,,,,,,9598000000.0,3542000000.0,2502000000.0,,16153000000.0,4201220000.0,282000000.0,,,,,,0.2606793081892061,,12.560283687943262,
2014-12-12,2014-12-19,10-Q,2015,Q2,,,,,,,,,,,4391367000.0,,,,,,,,,,
2015-02-28,2015-03-19,10-Q,2015,Q3,51294000000.0,13792000000.0,51294000000.0,13792000000.0,,9327000000.0,3383000000.0,2495000000.0,48532000000.0,13701000000.0,4367070000.0,273000000.0,,13792000000.0,13792000000.0,0.26888135064529967,3.71911252900232,0.2675029484292913,0.0486411666081803,12.391941391941392,0.26710726400748624
2015-02-28,2016-03-18,10-Q,2016,Q3,,,,,,9327000000.0,3383000000.0,2495000000.0,,13701000000.0,4149865000.0,273000000.0,,,,,,0.2675029484292913,,12.391941391941392,
2015-03-12,2015-03-19,10-Q,2015,Q3,,,,,,,,,,,4367070000.0,,,,,,,,,,
2015-05-31,2015-06-25,10-K,2015,FY,63183000000.0,15291000000.0,63183000000.0,15291000000.0,,38226000000.0,13871000000.0,10051000000.0,49098000000.0,21716000000.0,4336077000.0,1143000000.0,,15291000000.0,15291000000.0,0.24201130050804806,4.1320384539925445,0.2629362214199759,0.15907759998733836,12.135608048993875,0.34370004589842207
2015-05-31,2015-09-18,10-Q,2016,Q1,63183000000.0,15291000000.0,63183000000.0,15291000000.0,,,,,49098000000.0,21716000000.0,4268744000.0,,,15291000000.0,15291000000.0,0.24201130050804806,4.1320384539925445,,,,0.34370004589842207
2015-05-31,2015-12-18,10-Q,2016,Q2,62520000000.0,15206000000.0,62520000000.0,15206000000.0,,,,,49098000000.0,21716000000.0,4201220000.0,,,15206000000.0,15206000000.0,0.24321817018554062,4.1115349204261475,,,,0.34734484964811263
2015-05-31,2016-03-18,10-Q,2016,Q3,62520000000.0,15206000000.0,62520000000.0,15206000000.0,,,,,49098000000.0,21716000000.0,4149865000.0,,,15206000000.0,15206000000.0,0.24321817018554062,4.1115349204261475,,,,0.34734484964811263
2015-05-31,2016-06-22,10-K,2016,FY,62520000000.0,15206000000.0,62520000000.0,15206000000.0,,38226000000.0,13871000000.0,10051000000.0,49098000000.0,21716000000.0,4122730000.0,1143000000.0,,15206000000.0,15206000000.0,0.24321817018554062,4.1115349204261475,0.2629362214199759,0.16076455534229048,12.135608048993875,0.34734484964811263
2015-05-31,2016-09-19,10-Q,2017,Q1,,,,,,,,,,21716000000.0,4105567000.0,,,,,,,,,,
2015-05-31,2016-12-19,10-Q,2017,Q2,,,,,,,,,,21716000000.0,4102353000.0,,,,,,,,,,
2015-05-31,2017-03-17,10-Q,2017,Q3,,,,,,,,,,21716000000.0,4114684000.0,,,,,,,,,,
2015-05-31,2017-06-27,10-K,2017,FY,,,,,,38226000000.0,13871000000.0,10051000000.0,49098000000.0,21716000000.0,4136682000.0,1143000000.0,,,,,,0.2629362214199759,,12.135608048993875,
2015-05-31,2018-06-22,10-K,2018,FY,,,,,,,,,49098000000.0,21716000000.0,3981155000.0,,,,,,,,,,
2015-06-18,2015-06-25,10-K,2015,FY,,,,,,,,,,,4336077000.0,,,,,,,,,,
2015-08-31,2015-09-18,10-Q,2016,Q1,62122000000.0,15391000000.0,62122000000.0,15391000000.0,,8448000000.0,2654000000.0,1747000000.0,47538000000.0,16739000000.0,4268744000.0,374000000.0,,15391000000.0,15391000000.0,0.24775441872444545,4.03625495419401,0.20679450757575757,0.02812208235407746,7.096256684491979,0.26945365570973245
2015-08-31,2016-09-19,10-Q,2017,Q1,,,,,,8448000000.0,2654000000.0,1747000000.0,,16739000000.0,4105567000.0,374000000.0,,,,,,0.20679450757575757,,7.096256684491979,
2015-09-11,2015-09-18,10-Q,2016,Q1,,,,,,,,,,,4268744000.0,,,,,,,,,,
2015-11-30,2015-12-18,10-Q,2016,Q2,58618000000.0,13754000000.0,58618000000.0,13754000000.0,,8993000000.0,2955000000.0,2197000000.0,46332000000.0,17411000000.0,4201220000.0,371000000.0,,13754000000.0,13754000000.0,0.23463782455900917,4.261887450923368,0.24430112309574112,0.037479954962639464,7.964959568733153,0.29702480466750825
2015-11-30,2016-12-19,10-Q,2017,Q2,,,,,,8993000000.0,2955000000.0,2197000000.0,,17411000000.0,4102353000.0,371000000.0,,,,,,0.24430112309574112,,7.964959568733153,
2015-12-11,2015-12-18,10-Q,2016,Q2,,,,,,,,,,,4201220000.0,,,,,,,,,,
2016-02-29,2016-03-18,10-Q,2016,Q3,57069000000.0,11825000000.0,57069000000.0,11825000000.0,,9012000000.0,3027000000.0,2142000000.0,46336000000.0,15583000000.0,4149865000.0,360000000.0,,11825000000.0,11825000000.0,0.20720531286688043,4.826131078224101,0.23768308921438083,0.03753351206434316,8.408333333333333,0.2730554241356954
2016-02-29,2017-03-17,10-Q,2017,Q3,,,,,,9012000000.0,3027000000.0,2142000000.0,,15583000000.0,4114684000.0,360000000.0,,,,,,0.23768308921438083,,8.408333333333333,
2016-03-11,2016-03-18,10-Q,2016,Q3,,,,,,,,,,,4149865000.0,,,,,,,,,,
2016-05-31,2016-06-22,10-K,2016,FY,64313000000.0,17208000000.0,64313000000.0,17208000000.0,,37047000000.0,12604000000.0,9017000000.0,47790000000.0,20152000000.0,4122730000.0,1467000000.0,,17208000000.0,17208000000.0,0.2675664329140298,3.7373895862389586,0.24339352714119902,0.14020493523859873,8.591683708248125,0.31334255904715996
2016-05-31,2016-09-19,10-Q,2017,Q1,64313000000.0,17208000000.0,64313000000.0,17208000000.0,,,,,47790000000.0,20152000000.0,4105567000.0,,,17208000000.0,17208000000.0,0.2675664329140298,3.7373895862389586,,,,0.31334255904715996
2016-05-31,2016-12-19,10-Q,2017,Q2,64313000000.0,17208000000.0,64313000000.0,17208000000.0,,,,,47790000000.0,20152000000.0,4102353000.0,,,17208000000.0,17208000000.0,0.2675664329140298,3.7373895862389586,,,,0.31334255904715996
2016-05-31,2017-03-17,10-Q,2017,Q3,64313000000.0,17208000000.0,64313000000.0,17208000000.0,,,,,47790000000.0,20152000000.0,4114684000.0,,,17208000000.0,17208000000.0,0.2675664329140298,3.7373895862389586,,,,0.31334255904715996
2016-05-31,2017-06-27,10-K,2017,FY,64313000000.0,17208000000.0,64313000000.0,17208000000.0,,37047000000.0,12604000000.0,9017000000.0,47790000000.0,20152000000.0,4136682000.0,1467000000.0,,17208000000.0,17208000000.0,0.2675664329140298,3.7373895862389586,0.24339352714119902,0.14020493523859873,8.591683708248125,0.31334255904715996
2016-05-31,2017-09-18,10-Q,2018,Q1,,,,,,,,,,20152000000.0,4173053000.0,,,,,,,,,,
2016-05-31,2017-12-18,10-Q,2018,Q2,,,,,,,,,,20152000000.0,4139602000.0,,,,,,,,,,
2016-05-31,2018-03-21,10-Q,2018,Q3,,,,,,,,,,20152000000.0,4082313000.0,,,,,,,,,,
2016-05-31,2018-06-22,10-K,2018,FY,,,,,,37047000000.0,12604000000.0,9017000000.0,47790000000.0,20152000000.0,3981155000.0,1467000000.0,,,,,,0.24339352714119902,,8.591683708248125,
2016-05-31,2019-06-21,10-K,2019,FY,,,,,,,,,47790000000.0,,3335819000.0,,,,,,,,,,
2016-06-15,2016-06-22,10-K,2016,FY,,,,,,,,,,,4122730000.0,,,,,,,,,,
2016-08-31,2016-09-19,10-Q,2017,Q1,74451000000.0,15142000000.0,74451000000.0,15142000000.0,,8595000000.0,2641000000.0,1832000000.0,47832000000.0,28614000000.0,4105567000.0,416000000.0,,15142000000.0,15142000000.0,0.20338209023384507,4.916853784176463,0.21314717859220478,0.02460678835744315,6.3485576923076925,0.3843333199016803
2016-08-31,2017-09-18,10-Q,2018,Q1,,,,,,8595000000.0,2641000000.0,1832000000.0,,28614000000.0,4173053000.0,416000000.0,,,,,,0.21314717859220478,,6.3485576923076925,
2016-09-12,2016-09-19,10-Q,2017,Q1,,,,,,,,,,,4105567000.0,,,,,,,,,,
2016-11-30,2016-12-19,10-Q,2017,Q2,64734000000.0,16347000000.0,64734000000.0,16347000000.0,,9035000000.0,3037000000.0,2032000000.0,48845000000.0,18592000000.0,4102353000.0,451000000.0,,16347000000.0,16347000000.0,0.252525720641394,3.9599926592035235,0.22490315439955727,0.031389995983563505,6.733924611973393,0.2872061049834708
2016-11-30,2017-12-18,10-Q,2018,Q2,,,,,,9035000000.0,3037000000.0,2032000000.0,,18592000000.0,4139602000.0,451000000.0,,,,,,0.22490315439955727,,6.733924611973393,
2016-12-12,2016-12-19,10-Q,2017,Q2,,,,,,,,,,,4102353000.0,,,,,,,,,,
2017-02-28,2017-03-17,10-Q,2017,Q3,66011000000.0,15790000000.0,66011000000.0,15790000000.0,,9205000000.0,2959000000.0,2239000000.0,51023000000.0,19748000000.0,4114684000.0,450000000.0,,15790000000.0,15790000000.0,0.23920255714956598,4.180557314756175,0.24323737099402498,0.033918589326021424,6.575555555555556,0.29916226083531533
2017-02-28,2018-03-21,10-Q,2018,Q3,,,,,,9205000000.0,2959000000.0,2239000000.0,,19748000000.0,4082313000.0,450000000.0,,,,,,0.24323737099402498,,6.575555555555556,
2017-03-13,2017-03-17,10-Q,2017,Q3,,,,,,,,,,,4114684000.0,,,,,,,,,,
2017-05-31,2017-06-27,10-K,2017,FY,74515000000.0,24178000000.0,74515000000.0,24178000000.0,,37728000000.0,12710000000.0,9453000000.0,54246000000.0,21784000000.0,4136682000.0,1798000000.0,,24178000000.0,24178000000.0,0.3244715829027712,3.0819339895773017,0.2505566157760814,0.12686036368516407,7.068965517241379,0.2923438233912635
2017-05-31,2017-09-18,10-Q,2018,Q1,74515000000.0,24178000000.0,74515000000.0,24178000000.0,,,,,54246000000.0,21784000000.0,4173053000.0,,,24178000000.0,24178000000.0,0.3244715829027712,3.0819339895773017,,,,0.2923438233912635
2017-05-31,2017-12-18,10-Q,2018,Q2,74515000000.0,24178000000.0,74515000000.0,24178000000.0,,,,,54246000000.0,21784000000.0,4139602000.0,,,24178000000.0,24178000000.0,0.3244715829027712,3.0819339895773017,,,,0.2923438233912635
2017-05-31,2018-03-21,10-Q,2018,Q3,74515000000.0,24178000000.0,74515000000.0,24178000000.0,,,,,54246000000.0,21784000000.0,4082313000.0,,,24178000000.0,24178000000.0,0.3244715829027712,3.0819339895773017,,,,0.2923438233912635
2017-05-31,2018-06-22,10-K,2018,FY,74515000000.0,24178000000.0,74515000000.0,24178000000.0,,37728000000.0,12710000000.0,9453000000.0,54246000000.0,21784000000.0,3981155000.0,1798000000.0,,24178000000.0,24178000000.0,0.3244715829027712,3.0819339895773017,0.2505566157760814,0.12686036368516407,7.068965517241379,0.2923438233912635
2017-05-31,2018-09-19,10-Q,2019,Q1,,,,,,,,,,21784000000.0,3787960000.0,,,,,,,,,,
2017-05-31,2019-06-21,10-K,2019,FY,,,,,,37792000000.0,12913000000.0,9570000000.0,55130000000.0,,3335819000.0,1798000000.0,,,,,,0.25322819644369177,,7.181868743047831,
2017-05-31,2020-06-22,10-K,2020,FY,,,,,,,,,55130000000.0,,3068682000.0,,,,,,,,,,
2017-06-16,2017-06-27,10-K,2017,FY,,,,,,,,,,,4136682000.0,,,,,,,,,,
2017-08-31,2017-09-18,10-Q,2018,Q1,73335000000.0,20226000000.0,73335000000.0,20226000000.0,,9187000000.0,2821000000.0,2210000000.0,56366000000.0,21321000000.0,4173053000.0,469000000.0,,20226000000.0,20226000000.0,0.2758028226631213,3.62577870068229,0.24055730924131927,0.030135678734574213,6.014925373134329,0.2907343014931479
2017-08-31,2017-12-18,10-Q,2018,Q2,,,,,,,,,,21310000000.0,4139602000.0,,,,,,,,,,
2017-08-31,2018-09-19,10-Q,2019,Q1,,,,,,9104000000.0,2749000000.0,2144000000.0,,21321000000.0,3787960000.0,469000000.0,,,,,,0.23550087873462214,,5.861407249466951,
2017-09-11,2017-09-18,10-Q,2018,Q1,,,,,,,,,,,4173053000.0,,,,,,,,,,
2017-11-30,2017-12-18,10-Q,2018,Q2,78545000000.0,15494000000.0,78545000000.0,15494000000.0,,9621000000.0,3069000000.0,2233000000.0,56300000000.0,21310000000.0,4139602000.0,475000000.0,,15494000000.0,15494000000.0,0.1972627156407155,5.069381696140441,0.2320964556698888,0.028429562671080273,6.461052631578947,0.27130944044815075
2017-11-30,2018-12-19,10-Q,2019,Q2,,,,,,9589000000.0,3039000000.0,2214000000.0,,,3588919000.0,475000000.0,,,,,,0.23088956095526122,,6.3978947368421055,
2017-12-11,2017-12-18,10-Q,2018,Q2,,,,,,,,,,,4139602000.0,,,,,,,,,,
2018-02-28,2018-03-21,10-Q,2018,Q3,77732000000.0,17968000000.0,77732000000.0,17968000000.0,,9771000000.0,3410000000.0,-4024000000.0,48272000000.0,19487000000.0,4082313000.0,533000000.0,,17968000000.0,17968000000.0,0.23115319302217877,4.32613535173642,-0.4118309282570873,-0.0517676117943704,6.397748592870544,0.250694694591674
2018-02-28,2019-03-18,10-Q,2019,Q3,,,,,,9676000000.0,3315000000.0,-4047000000.0,49071000000.0,,3417654000.0,533000000.0,,,,,,-0.41825134353038446,,6.219512195121951,
2018-03-15,2018-03-21,10-Q,2018,Q3,,,,,,,,,,,4082313000.0,,,,,,,,,,
2018-05-31,2018-06-22,10-K,2018,FY,75964000000.0,19195000000.0,75964000000.0,19195000000.0,,39831000000.0,13679000000.0,3960000000.0,46224000000.0,21620000000.0,3981155000.0,2025000000.0,,19195000000.0,19195000000.0,0.2526854825970196,3.9574889294087003,0.09942004971002485,0.05212995629508715,6.755061728395062,0.28460849876257177
2018-05-31,2018-09-19,10-Q,2019,Q1,76159000000.0,19124000000.0,76159000000.0,19124000000.0,,,,,46873000000.0,21620000000.0,3787960000.0,,,19124000000.0,19124000000.0,0.2511062382646831,3.982378163564108,,,,0.28387977783321733
2018-05-31,2018-12-19,10-Q,2019,Q2,76159000000.0,19124000000.0,76159000000.0,19124000000.0,,,,,46873000000.0,21620000000.0,3588919000.0,,,19124000000.0,19124000000.0,0.2511062382646831,3.982378163564108,,,,0.28387977783321733
2018-05-31,2019-03-18,10-Q,2019,Q3,76159000000.0,19124000000.0,76159000000.0,19124000000.0,,,,,46873000000.0,21620000000.0,3417654000.0,,,19124000000.0,19124000000.0,0.2511062382646831,3.982378163564108,,,,0.28387977783321733
2018-05-31,2019-06-21,10-K,2019,FY,76159000000.0,19124000000.0,76159000000.0,19124000000.0,,39383000000.0,13264000000.0,3722000000.0,46873000000.0,21620000000.0,3335819000.0,2025000000.0,,19124000000.0,19124000000.0,0.2511062382646831,3.982378163564108,0.09450778254576848,0.04887144001365564,6.550123456790123,0.28387977783321733
2018-05-31,2020-06-22,10-K,2020,FY,,,,,,39383000000.0,13264000000.0,3722000000.0,46873000000.0,,3068682000.0,2025000000.0,,,,,,0.09450778254576848,,6.550123456790123,
2018-05-31,2021-06-21,10-K,2021,FY,,,,,,,,,46873000000.0,,2792000000.0,,,,,,,,,,
2018-06-15,2018-06-22,10-K,2018,FY,,,,,,,,,,,3981155000.0,,,,,,,,,,
2018-08-31,2018-09-19,10-Q,2019,Q1,67009000000.0,19562000000.0,67009000000.0,19562000000.0,,9193000000.0,2778000000.0,2265000000.0,38564000000.0,18455000000.0,3787960000.0,529000000.0,,19562000000.0,19562000000.0,0.29193093465056935,3.4254677435845005,0.24638311758947026,0.033801429658702566,5.251417769376181,0.27541076571803785
2018-08-31,2019-09-13,10-Q,2020,Q1,,,,,,9193000000.0,2778000000.0,2265000000.0,38564000000.0,,3288330000.0,529000000.0,,,,,,0.24638311758947026,,5.251417769376181,
2018-09-13,2018-09-19,10-Q,2019,Q1,,,,,,,,,,,3787960000.0,,,,,,,,,,
2018-11-30,2018-12-19,10-Q,2019,Q2,56938000000.0,20315000000.0,56938000000.0,20315000000.0,,9562000000.0,3101000000.0,2333000000.0,31055000000.0,10824000000.0,3588919000.0,519000000.0,,20315000000.0,20315000000.0,0.35679159787839404,2.80275658380507,0.24398661367914662,0.04097439319962064,5.97495183044316,0.19010151392742983
2018-11-30,2019-12-13,10-Q,2020,Q2,,,,,,9562000000.0,3101000000.0,2333000000.0,31055000000.0,,3207649000.0,519000000.0,,,,,,0.24398661367914662,,5.97495183044316,
2018-12-14,2018-12-19,10-Q,2019,Q2,,,,,,,,,,,3588919000.0,,,,,,,,,,
2019-02-28,2019-03-18,10-Q,2019,Q3,47617000000.0,17986000000.0,47617000000.0,17986000000.0,,9614000000.0,3399000000.0,2745000000.0,24238000000.0,14720000000.0,3417654000.0,509000000.0,,17986000000.0,17986000000.0,0.3777222420564084,2.6474480151228734,0.2855211150405658,0.05764747884159019,6.677799607072692,0.30913329273158746
2019-02-28,2020-03-13,10-Q,2020,Q3,,,,,,9614000000.0,3399000000.0,2745000000.0,24238000000.0,,3153584000.0,509000000.0,,,,,,0.2855211150405658,,6.677799607072692,
2019-03-13,2019-03-18,10-Q,2019,Q3,,,,,,,,,,,3417654000.0,,,,,,,,,,
2019-05-31,2019-06-21,10-K,2019,FY,46386000000.0,18630000000.0,46386000000.0,18630000000.0,,39506000000.0,13535000000.0,11235000000.0,22363000000.0,20514000000.0,3335819000.0,2082000000.0,,18630000000.0,18630000000.0,0.40162980209545984,2.4898550724637682,0.2843871816939199,0.24220670029750355,6.500960614793468,0.4422455051093002
2019-05-31,2019-09-13,10-Q,2020,Q1,46386000000.0,18630000000.0,46386000000.0,18630000000.0,,,,,22363000000.0,20514000000.0,3288330000.0,,,18630000000.0,18630000000.0,0.40162980209545984,2.4898550724637682,,,,0.4422455051093002
2019-05-31,2019-12-13,10-Q,2020,Q2,46386000000.0,18630000000.0,46386000000.0,18630000000.0,,,,,22363000000.0,20514000000.0,3207649000.0,,,18630000000.0,18630000000.0,0.40162980209545984,2.4898550724637682,,,,0.4422455051093002
2019-05-31,2020-03-13,10-Q,2020,Q3,46386000000.0,18630000000.0,46386000000.0,18630000000.0,,,,,22363000000.0,20514000000.0,3153584000.0,,,18630000000.0,18630000000.0,0.40162980209545984,2.4898550724637682,,,,0.4422455051093002
2019-05-31,2020-06-22,10-K,2020,FY,46386000000.0,18630000000.0,46386000000.0,18630000000.0,,39506000000.0,13535000000.0,11235000000.0,22363000000.0,20514000000.0,3068682000.0,2082000000.0,,18630000000.0,18630000000.0,0.40162980209545984,2.4898550724637682,0.2843871816939199,0.24220670029750355,6.500960614793468,0.4422455051093002
2019-05-31,2021-06-21,10-K,2021,FY,,,,,,39506000000.0,13535000000.0,11235000000.0,22363000000.0,,2792000000.0,2082000000.0,,,,,,0.2843871816939199,,6.500960614793468,
2019-05-31,2022-06-21,10-K,2022,FY,,,,,,,,,22363000000.0,,2664926000.0,,,,,,,,,,
2019-06-17,2019-06-21,10-K,2019,FY,,,,,,,,,,,3335819000.0,,,,,,,,,,
2019-08-31,2019-09-13,10-Q,2020,Q1,42384000000.0,18875000000.0,42384000000.0,18875000000.0,,9218000000.0,2877000000.0,2137000000.0,19019000000.0,31083000000.0,3288330000.0,494000000.0,,18875000000.0,18875000000.0,0.44533314458286144,2.2455099337748345,0.23182903015838577,0.0504199697999245,5.823886639676114,0.7333663646659117
2019-08-31,2020-09-15,10-Q,2021,Q1,,,,,,9218000000.0,2877000000.0,2137000000.0,19019000000.0,,3007161000.0,494000000.0,,,,,,0.23182903015838577,,5.823886639676114,
2019-09-10,2019-09-13,10-Q,2020,Q1,,,,,,,,,,,3288330000.0,,,,,,,,,,
2019-11-30,2019-12-13,10-Q,2020,Q2,34540000000.0,14592000000.0,34540000000.0,14592000000.0,,9614000000.0,3183000000.0,2311000000.0,16185000000.0,24540000000.0,3207649000.0,465000000.0,,14592000000.0,14592000000.0,0.42246670526925306,2.3670504385964914,0.24037861452049095,0.0669079328314997,6.84516129032258,0.7104806022003475
2019-11-30,2020-12-11,10-Q,2021,Q2,,,,,,9614000000.0,3183000000.0,2311000000.0,16185000000.0,,2944034000.0,465000000.0,,,,,,0.24037861452049095,,6.84516129032258,
2019-12-09,2019-12-13,10-Q,2020,Q2,,,,,,,,,,,3207649000.0,,,,,,,,,,
2020-02-29,2020-03-13,10-Q,2020,Q3,33442000000.0,15740000000.0,33442000000.0,15740000000.0,,9796000000.0,3528000000.0,2571000000.0,14881000000.0,23829000000.0,3153584000.0,456000000.0,,15740000000.0,15740000000.0,0.4706656300460499,2.1246505717916135,0.2624540628828093,0.07687937324322708,7.7368421052631575,0.7125470964655224
2020-02-29,2021-03-11,10-Q,2021,Q3,,,,,,9796000000.0,3528000000.0,2571000000.0,14881000000.0,,2883535000.0,456000000.0,,,,,,0.2624540628828093,,7.7368421052631575,
2020-03-09,2020-03-13,10-Q,2020,Q3,,,,,,,,,,,3153584000.0,,,,,,,,,,
2020-05-31,2020-06-22,10-K,2020,FY,52140000000.0,17200000000.0,52140000000.0,17200000000.0,,39068000000.0,13896000000.0,10299000000.0,12717000000.0,37239000000.0,3068682000.0,1995000000.0,,17200000000.0,17200000000.0,0.32988108937476024,3.031395348837209,0.26361728268659773,0.1975258918296893,6.965413533834586,0.7142117376294591
2020-05-31,2020-09-15,10-Q,2021,Q1,52140000000.0,17200000000.0,52140000000.0,17200000000.0,,,,,12717000000.0,37239000000.0,3007161000.0,,,17200000000.0,17200000000.0,0.32988108937476024,3.031395348837209,,,,0.7142117376294591
2020-05-31,2020-12-11,10-Q,2021,Q2,52140000000.0,17200000000.0,52140000000.0,17200000000.0,,,,,12717000000.0,37239000000.0,2944034000.0,,,17200000000.0,17200000000.0,0.32988108937476024,3.031395348837209,,,,0.7142117376294591
2020-05-31,2021-03-11,10-Q,2021,Q3,52140000000.0,17200000000.0,52140000000.0,17200000000.0,,,,,12717000000.0,37239000000.0,2883535000.0,,,17200000000.0,17200000000.0,0.32988108937476024,3.031395348837209,,,,0.7142117376294591
2020-05-31,2021-06-21,10-K,2021,FY,52140000000.0,17200000000.0,52140000000.0,17200000000.0,,39068000000.0,13896000000.0,10299000000.0,12717000000.0,37239000000.0,2792000000.0,1995000000.0,,17200000000.0,17200000000.0,0.32988108937476024,3.031395348837209,0.26361728268659773,0.1975258918296893,6.965413533834586,0.7142117376294591
2020-05-31,2022-06-21,10-K,2022,FY,,,,,,39068000000.0,13896000000.0,10299000000.0,12717000000.0,,2664926000.0,1995000000.0,,,,,,0.26361728268659773,,6.965413533834586,
2020-05-31,2023-06-20,10-K,2023,FY,,,,,,,,,12717000000.0,,2714259000.0,,,,,,,,,,
2020-06-16,2020-06-22,10-K,2020,FY,,,,,,,,,,,3068682000.0,,,,,,,,,,
2020-08-31,2020-09-15,10-Q,2021,Q1,49939000000.0,18748000000.0,49939000000.0,18748000000.0,,9367000000.0,3211000000.0,2251000000.0,10140000000.0,27276000000.0,3007161000.0,614000000.0,,18748000000.0,18748000000.0,0.37541800997216607,2.6636974610625135,0.24031173267855235,0.045074991489617335,5.229641693811075,0.5461863473437594
2020-08-31,2021-09-13,10-Q,2022,Q1,,,,,,9367000000.0,3211000000.0,2251000000.0,10140000000.0,,2738179000.0,614000000.0,,,,,,0.24031173267855235,,5.229641693811075,
2020-09-04,2020-09-15,10-Q,2021,Q1,,,,,,,,,,,3007161000.0,,,,,,,,,,
2020-11-30,2020-12-11,10-Q,2021,Q2,46251000000.0,21347000000.0,46251000000.0,21347000000.0,,9800000000.0,3583000000.0,2442000000.0,8616000000.0,28001000000.0,2944034000.0,600000000.0,,21347000000.0,21347000000.0,0.46154677736697586,2.1666276291750597,0.24918367346938775,0.052798858403061553,5.971666666666667,0.6054139369959568
2020-11-30,2021-12-10,10-Q,2022,Q2,,,,,,9800000000.0,3583000000.0,2442000000.0,8616000000.0,,2670447000.0,600000000.0,,,,,,0.24918367346938775,,5.971666666666667,
2020-12-04,2020-12-11,10-Q,2021,Q2,,,,,,,,,,,2944034000.0,,,,,,,,,,
2021-02-28,2021-03-11,10-Q,2021,Q3,43744000000.0,20250000000.0,43744000000.0,20250000000.0,,10085000000.0,3878000000.0,5021000000.0,9637000000.0,22321000000.0,2883535000.0,585000000.0,,20250000000.0,20250000000.0,0.46292062911485005,2.1601975308641976,0.4978681209717402,0.11478145574250183,6.6290598290598295,0.5102642648134601
2021-02-28,2022-03-11,10-Q,2022,Q3,,,,,,10085000000.0,3878000000.0,5021000000.0,9637000000.0,,2668157000.0,585000000.0,,,,,,0.4978681209717402,,6.6290598290598295,
2021-03-05,2021-03-11,10-Q,2021,Q3,,,,,,,,,,,2883535000.0,,,,,,,,,,
2021-05-31,2021-06-21,10-K,2021,FY,55567000000.0,24164000000.0,55567000000.0,24164000000.0,,40479000000.0,15213000000.0,13926000000.0,5952000000.0,30098000000.0,2792000000.0,2496000000.0,,24164000000.0,24164000000.0,0.4348624183418216,2.299577884456216,0.3440302379011339,0.2506163730271564,6.094951923076923,0.5416524196015621
2021-05-31,2021-09-13,10-Q,2022,Q1,55567000000.0,24164000000.0,55567000000.0,24164000000.0,,,,,5952000000.0,30098000000.0,2738179000.0,,,24164000000.0,24164000000.0,0.4348624183418216,2.299577884456216,,,,0.5416524196015621
2021-05-31,2021-12-10,10-Q,2022,Q2,55567000000.0,24164000000.0,55567000000.0,24164000000.0,,,,,5952000000.0,30098000000.0,2670447000.0,,,24164000000.0,24164000000.0,0.4348624183418216,2.299577884456216,,,,0.5416524196015621
2021-05-31,2022-03-11,10-Q,2022,Q3,55567000000.0,24164000000.0,55567000000.0,24164000000.0,,,,,5952000000.0,30098000000.0,2668157000.0,,,24164000000.0,24164000000.0,0.4348624183418216,2.299577884456216,,,,0.5416524196015621
2021-05-31,2022-06-21,10-K,2022,FY,55567000000.0,24164000000.0,55567000000.0,24164000000.0,,40479000000.0,15213000000.0,13926000000.0,5952000000.0,30098000000.0,2664926000.0,2496000000.0,,24164000000.0,24164000000.0,0.4348624183418216,2.299577884456216,0.3440302379011339,0.2506163730271564,6.094951923076923,0.5416524196015621
2021-05-31,2023-06-20,10-K,2023,FY,,,,,,40479000000.0,15213000000.0,13926000000.0,5952000000.0,,2714259000.0,2496000000.0,,,,,,0.3440302379011339,,6.094951923076923,
2021-05-31,2024-06-20,10-K,2024,FY,,,,,,,,,5952000000.0,,2755860000.0,,,,,,,,,,
2021-06-15,2021-06-21,10-K,2021,FY,,,,,,,,,,,2792000000.0,,,,,,,,,,
2021-08-31,2021-09-13,10-Q,2022,Q1,47117000000.0,23071000000.0,47117000000.0,23071000000.0,,9728000000.0,3427000000.0,2457000000.0,-1130000000.0,23059000000.0,2738179000.0,705000000.0,,23071000000.0,23071000000.0,0.4896534159645139,2.0422608469507173,0.2525699013157895,0.0521467835388501,4.8609929078014185,0.48939873081902496
2021-08-31,2022-09-13,10-Q,2023,Q1,,,,,,9728000000.0,3427000000.0,2457000000.0,-1130000000.0,,2695653000.0,705000000.0,,,,,,0.2525699013157895,,4.8609929078014185,
2021-09-06,2021-09-13,10-Q,2022,Q1,,,,,,,,,,,2738179000.0,,,,,,,,,,
2021-11-30,2021-12-10,10-Q,2022,Q2,31078000000.0,18881000000.0,31078000000.0,18881000000.0,,10360000000.0,-824000000.0,-1247000000.0,-9658000000.0,17938000000.0,2670447000.0,679000000.0,,18881000000.0,18881000000.0,0.6075358774695926,1.6459933266246491,-0.12036679536679537,-0.04012484715876183,-1.2135493372606774,0.5771928695540254
2021-11-30,2022-12-13,10-Q,2023,Q2,,,,,,10360000000.0,-824000000.0,-1247000000.0,-9658000000.0,,2696253000.0,679000000.0,,,,,,-0.12036679536679537,,-1.2135493372606774,
2021-12-06,2021-12-10,10-Q,2022,Q2,,,,,,,,,,,2670447000.0,,,,,,,,,,
2022-02-28,2022-03-11,10-Q,2022,Q3,31675000000.0,20833000000.0,31675000000.0,20833000000.0,,10513000000.0,3822000000.0,2319000000.0,-8211000000.0,22682000000.0,2668157000.0,667000000.0,,20833000000.0,20833000000.0,0.6577111286503552,1.5204243267892286,0.2205840388090935,0.07321231254932913,5.730134932533733,0.7160852407261247
2022-02-28,2023-03-10,10-Q,2023,Q3,,,,,,10513000000.0,3822000000.0,2319000000.0,-8211000000.0,,2699802000.0,667000000.0,,,,,,0.2205840388090935,,5.730134932533733,
2022-03-07,2022-03-11,10-Q,2022,Q3,,,,,,,,,,,2668157000.0,,,,,,,,,,
2022-05-31,2022-06-21,10-K,2022,FY,31633000000.0,19511000000.0,31633000000.0,19511000000.0,0.0,42440000000.0,10926000000.0,6901000000.0,-5768000000.0,21383000000.0,2664926000.0,2755000000.0,,19511000000.0,19511000000.0,0.6167925900167547,1.6212905540464353,0.16260603204524035,0.21815825245787626,3.965880217785844,0.6759712957986912
2022-05-31,2022-09-13,10-Q,2023,Q1,31633000000.0,19511000000.0,31633000000.0,19511000000.0,,,,,-5768000000.0,21383000000.0,2695653000.0,,,19511000000.0,19511000000.0,0.6167925900167547,1.6212905540464353,,,,0.6759712957986912
2022-05-31,2022-12-13,10-Q,2023,Q2,31633000000.0,19511000000.0,31633000000.0,19511000000.0,,,,,-5768000000.0,21383000000.0,2696253000.0,,,19511000000.0,19511000000.0,0.6167925900167547,1.6212905540464353,,,,0.6759712957986912
2022-05-31,2023-03-10,10-Q,2023,Q3,31633000000.0,19511000000.0,31633000000.0,19511000000.0,,,,,-5768000000.0,21383000000.0,2699802000.0,,,19511000000.0,19511000000.0,0.6167925900167547,1.6212905540464353,,,,0.6759712957986912
2022-05-31,2023-06-20,10-K,2023,FY,31633000000.0,19511000000.0,31633000000.0,19511000000.0,,42440000000.0,10926000000.0,6901000000.0,-5768000000.0,21383000000.0,2714259000.0,2755000000.0,,19511000000.0,19511000000.0,0.6167925900167547,1.6212905540464353,0.16260603204524035,0.21815825245787626,3.965880217785844,0.6759712957986912
2022-05-31,2024-06-20,10-K,2024,FY,,,,,,42440000000.0,10926000000.0,6901000000.0,-5768000000.0,,2755860000.0,2755000000.0,,,,,,0.16260603204524035,,3.965880217785844,
2022-05-31,2025-06-18,10-K,2025,FY,,,,,,,,,-5768000000.0,,2808833000.0,,,,,,,,,,
2022-06-13,2022-06-21,10-K,2022,FY,,,,,,,,,,,2664926000.0,,,,,,,,,,
2022-08-31,2022-09-13,10-Q,2023,Q1,21004000000.0,34819000000.0,21004000000.0,34819000000.0,,11445000000.0,2623000000.0,1548000000.0,-5449000000.0,10448000000.0,2695653000.0,787000000.0,,34819000000.0,34819000000.0,1.6577318605979814,0.6032338665671042,0.13525557011795544,0.07370024757189107,3.3329097839898347,0.4974290611312131
2022-08-31,2023-09-12,10-Q,2024,Q1,,,,,,11445000000.0,2623000000.0,1548000000.0,-5449000000.0,,2739821000.0,787000000.0,,,,,,0.13525557011795544,,3.3329097839898347,
2022-09-08,2022-09-13,10-Q,2023,Q1,,,,,,,,,,,2695653000.0,,,,,,,,,,
2022-11-30,2022-12-13,10-Q,2023,Q2,17561000000.0,27106000000.0,17561000000.0,27106000000.0,,12275000000.0,3071000000.0,1741000000.0,-3776000000.0,6813000000.0,2696253000.0,856000000.0,,27106000000.0,27106000000.0,1.5435339673139343,0.6478639415627536,0.14183299389002035,0.09914014008313878,3.5876168224299065,0.3879619611639428
2022-11-30,2023-12-12,10-Q,2024,Q2,,,,,,12275000000.0,3071000000.0,1741000000.0,-3776000000.0,,2748922000.0,856000000.0,,,,,,0.14183299389002035,,3.5876168224299065,
2022-12-07,2022-12-13,10-Q,2023,Q2,,,,,,,,,,,2696253000.0,,,,,,,,,,
2023-02-28,2023-03-10,10-Q,2023,Q3,18696000000.0,22880000000.0,18696000000.0,22880000000.0,,12398000000.0,3260000000.0,1896000000.0,-1912000000.0,8219000000.0,2699802000.0,908000000.0,,22880000000.0,22880000000.0,1.2237911852802739,0.8171328671328671,0.1529278915954186,0.10141206675224647,3.590308370044053,0.4396127513906718
2023-02-28,2024-03-12,10-Q,2024,Q3,,,,,,12398000000.0,3260000000.0,1896000000.0,-1912000000.0,,2748514000.0,908000000.0,,,,,,0.1529278915954186,,3.590308370044053,
2023-03-06,2023-03-10,10-Q,2023,Q3,,,,,,,,,,,2699802000.0,,,,,,,,,,
2023-05-31,2023-06-20,10-K,2023,FY,21004000000.0,23090000000.0,21004000000.0,23090000000.0,,49954000000.0,13093000000.0,8668000000.0,1556000000.0,9765000000.0,2714259000.0,3505000000.0,,23090000000.0,23090000000.0,1.0993144163016568,0.9096578605456908,0.17351963806702167,0.4126832984193487,3.735520684736091,0.464911445438964
2023-05-31,2023-09-12,10-Q,2024,Q1,21004000000.0,23090000000.0,21004000000.0,23090000000.0,,,,,1556000000.0,9765000000.0,2739821000.0,,,23090000000.0,23090000000.0,1.0993144163016568,0.9096578605456908,,,,0.464911445438964
2023-05-31,2023-12-12,10-Q,2024,Q2,21004000000.0,23090000000.0,21004000000.0,23090000000.0,,,,,1556000000.0,9765000000.0,2748922000.0,,,23090000000.0,23090000000.0,1.0993144163016568,0.9096578605456908,,,,0.464911445438964
2023-05-31,2024-03-12,10-Q,2024,Q3,21004000000.0,23090000000.0,21004000000.0,23090000000.0,,,,,1556000000.0,9765000000.0,2748514000.0,,,23090000000.0,23090000000.0,1.0993144163016568,0.9096578605456908,,,,0.464911445438964
2023-05-31,2024-06-20,10-K,2024,FY,21004000000.0,23090000000.0,21004000000.0,23090000000.0,,49954000000.0,13093000000.0,8668000000.0,1556000000.0,9765000000.0,2755860000.0,3505000000.0,,23090000000.0,23090000000.0,1.0993144163016568,0.9096578605456908,0.17351963806702167,0.4126832984193487,3.735520684736091,0.464911445438964
2023-05-31,2025-06-18,10-K,2025,FY,,,,,,49954000000.0,13093000000.0,8668000000.0,1556000000.0,,2808833000.0,3505000000.0,,,,,,0.17351963806702167,,3.735520684736091,
2023-05-31,2026-06-22,10-K,2026,FY,,,,,,,,,1556000000.0,,2880471000.0,,,,,,,,,,
2023-06-12,2023-06-20,10-K,2023,FY,,,,,,,,,,,2714259000.0,,,,,,,,,,
2023-08-31,2023-09-12,10-Q,2024,Q1,22166000000.0,25357000000.0,22166000000.0,25357000000.0,,12453000000.0,3296000000.0,2420000000.0,2841000000.0,11613000000.0,2739821000.0,872000000.0,,25357000000.0,25357000000.0,1.1439592168185508,0.8741570375044366,0.1943306833694692,0.10917621582603988,3.779816513761468,0.5239104935486781
2023-08-31,2024-09-10,10-Q,2025,Q1,,,,,,12453000000.0,3296000000.0,2420000000.0,2841000000.0,,2770968000.0,872000000.0,,,,,,0.1943306833694692,,3.779816513761468,
2023-09-07,2023-09-12,10-Q,2024,Q1,,,,,,,,,,,2739821000.0,,,,,,,,,,
2023-11-30,2023-12-12,10-Q,2024,Q2,19289000000.0,24407000000.0,19289000000.0,24407000000.0,,12941000000.0,3622000000.0,2503000000.0,4378000000.0,8244000000.0,2748922000.0,888000000.0,,24407000000.0,24407000000.0,1.2653325729690497,0.7903060597369607,0.1934162738582799,0.12976307740162787,4.078828828828829,0.4273938514179066
2023-11-30,2024-12-10,10-Q,2025,Q2,,,,,,12941000000.0,3622000000.0,2503000000.0,4378000000.0,,2796956000.0,888000000.0,,,,,,0.1934162738582799,,4.078828828828829,
2023-11-30,2025-03-11,10-Q,2025,Q3,,,,,,,,,6182000000.0,,2804234000.0,,,,,,,,,,
2023-12-07,2023-12-12,10-Q,2024,Q2,,,,,,,,,,,2748922000.0,,,,,,,,,,
2024-02-29,2024-03-12,10-Q,2024,Q3,21063000000.0,24885000000.0,21063000000.0,24885000000.0,,13280000000.0,3750000000.0,2401000000.0,6182000000.0,9481000000.0,2748514000.0,876000000.0,,24885000000.0,24885000000.0,1.181455633100698,0.8464135021097047,0.18079819277108433,0.11399135925556664,4.280821917808219,0.4501258130370792
2024-02-29,2025-03-11,10-Q,2025,Q3,,,,,,13280000000.0,3750000000.0,2401000000.0,6182000000.0,,2804234000.0,876000000.0,,,,,,0.18079819277108433,,4.280821917808219,
2024-03-07,2024-03-12,10-Q,2024,Q3,,,,,,,,,,,2748514000.0,,,,,,,,,,
2024-05-31,2024-06-20,10-K,2024,FY,22554000000.0,31544000000.0,22554000000.0,31544000000.0,,52961000000.0,15353000000.0,10653000000.0,9239000000.0,10454000000.0,2755860000.0,3514000000.0,,31544000000.0,31544000000.0,1.3985989181519909,0.7150012680699974,0.20114801457676404,0.47233306730513436,4.3690950483779165,0.46350979870532943
2024-05-31,2024-09-10,10-Q,2025,Q1,22554000000.0,31544000000.0,22554000000.0,31544000000.0,,,,,9239000000.0,10454000000.0,2770968000.0,,,31544000000.0,31544000000.0,1.3985989181519909,0.7150012680699974,,,,0.46350979870532943
2024-05-31,2024-12-10,10-Q,2025,Q2,22554000000.0,31544000000.0,22554000000.0,31544000000.0,,,,,9239000000.0,10454000000.0,2796956000.0,,,31544000000.0,31544000000.0,1.3985989181519909,0.7150012680699974,,,,0.46350979870532943
2024-05-31,2025-03-11,10-Q,2025,Q3,22554000000.0,31544000000.0,22554000000.0,31544000000.0,,,,,9239000000.0,10454000000.0,2804234000.0,,,31544000000.0,31544000000.0,1.3985989181519909,0.7150012680699974,,,,0.46350979870532943
2024-05-31,2025-06-18,10-K,2025,FY,22554000000.0,31544000000.0,22554000000.0,31544000000.0,,52961000000.0,15353000000.0,10653000000.0,9239000000.0,10454000000.0,2808833000.0,3514000000.0,,31544000000.0,31544000000.0,1.3985989181519909,0.7150012680699974,0.20114801457676404,0.47233306730513436,4.3690950483779165,0.46350979870532943
2024-05-31,2026-06-22,10-K,2026,FY,,,,,,52961000000.0,15353000000.0,10653000000.0,9239000000.0,,2880471000.0,3514000000.0,,,,,,0.20114801457676404,,4.3690950483779165,
2024-06-13,2024-06-20,10-K,2024,FY,,,,,,,,,,,2755860000.0,,,,,,,,,,
2024-08-31,2024-09-10,10-Q,2025,Q1,23072000000.0,32045000000.0,23072000000.0,32045000000.0,,13307000000.0,3991000000.0,2929000000.0,11269000000.0,10616000000.0,2770968000.0,842000000.0,,32045000000.0,32045000000.0,1.3889129680998613,0.7199875175534405,0.22010971669046367,0.12695041608876562,4.739904988123516,0.460124826629681
2024-08-31,2025-09-10,10-Q,2026,Q1,,,,,,13307000000.0,3991000000.0,2929000000.0,11269000000.0,,2841714000.0,842000000.0,,,,,,0.22010971669046367,,4.739904988123516,
2024-09-06,2024-09-10,10-Q,2025,Q1,,,,,,,,,,,2770968000.0,,,,,,,,,,
2024-11-30,2024-12-10,10-Q,2025,Q2,23503000000.0,29052000000.0,23503000000.0,29052000000.0,,14059000000.0,4220000000.0,3151000000.0,14236000000.0,10941000000.0,2796956000.0,866000000.0,,29052000000.0,29052000000.0,1.2360975194656,0.8089976593694066,0.2241268938046803,0.13406799132025699,4.8729792147806,0.46551504063311067
2024-11-30,2025-12-11,10-Q,2026,Q2,,,,,,14059000000.0,4220000000.0,3151000000.0,14236000000.0,,2873130000.0,866000000.0,,,,,,0.2241268938046803,,4.8729792147806,
2024-12-06,2024-12-10,10-Q,2025,Q2,,,,,,,,,,,2796956000.0,,,,,,,,,,
2025-02-28,2025-03-11,10-Q,2025,Q3,30116000000.0,29623000000.0,30116000000.0,29623000000.0,,14130000000.0,4358000000.0,2936000000.0,17261000000.0,17406000000.0,2804234000.0,892000000.0,,29623000000.0,29623000000.0,0.9836299641386639,1.0166424737535023,0.20778485491861287,0.09748970646832249,4.885650224215246,0.5779652012219418
2025-02-28,2026-03-11,10-Q,2026,Q3,,,,,,14130000000.0,4358000000.0,2936000000.0,17261000000.0,,2876046000.0,892000000.0,,,,,,0.20778485491861287,,4.885650224215246,
2025-03-07,2025-03-11,10-Q,2025,Q3,,,,,,,,,,,2804234000.0,,,,,,,,,,
2025-05-31,2025-06-18,10-K,2025,FY,24579000000.0,32643000000.0,24579000000.0,32643000000.0,,57399000000.0,17678000000.0,12627000000.0,20969000000.0,10786000000.0,2808833000.0,3578000000.0,,32643000000.0,32643000000.0,1.3280849505675576,0.7529638819961401,0.2199864109130821,0.513731233980227,4.940749021799888,0.43882989543919604
2025-05-31,2025-09-10,10-Q,2026,Q1,24579000000.0,32643000000.0,24579000000.0,32643000000.0,,,,,20969000000.0,10786000000.0,2841714000.0,,,32643000000.0,32643000000.0,1.3280849505675576,0.7529638819961401,,,,0.43882989543919604
2025-05-31,2025-12-11,10-Q,2026,Q2,24579000000.0,32643000000.0,24579000000.0,32643000000.0,,,,,20969000000.0,10786000000.0,2873130000.0,,,32643000000.0,32643000000.0,1.3280849505675576,0.7529638819961401,,,,0.43882989543919604
2025-05-31,2026-03-11,10-Q,2026,Q3,24579000000.0,32643000000.0,24579000000.0,32643000000.0,,,,,20969000000.0,10786000000.0,2876046000.0,,,32643000000.0,32643000000.0,1.3280849505675576,0.7529638819961401,,,,0.43882989543919604
2025-05-31,2026-06-22,10-K,2026,FY,24579000000.0,32643000000.0,24579000000.0,32643000000.0,,57399000000.0,17678000000.0,12627000000.0,20969000000.0,10786000000.0,2880471000.0,3578000000.0,,32643000000.0,32643000000.0,1.3280849505675576,0.7529638819961401,0.2199864109130821,0.513731233980227,4.940749021799888,0.43882989543919604
2025-06-13,2025-06-18,10-K,2025,FY,,,,,,,,,,,2808833000.0,,,,,,,,,,
2025-08-31,2025-09-10,10-Q,2026,Q1,24634000000.0,39874000000.0,24634000000.0,39874000000.0,,14926000000.0,4277000000.0,2927000000.0,24666000000.0,10445000000.0,2841714000.0,923000000.0,,39874000000.0,39874000000.0,1.6186571405374686,0.6177960575813813,0.19610076376792174,0.11881951773970935,4.633802816901408,0.42400746935130307
2025-09-05,2025-09-10,10-Q,2026,Q1,,,,,,,,,,,2841714000.0,,,,,,,,,,
2025-11-30,2025-12-11,10-Q,2026,Q2,34366000000.0,37795000000.0,34366000000.0,37795000000.0,,16058000000.0,4731000000.0,6135000000.0,30457000000.0,19241000000.0,2873130000.0,1057000000.0,,37795000000.0,37795000000.0,1.0997788511901299,0.9092737134541606,0.3820525594719143,0.1785194669149741,4.475875118259224,0.5598847698306466
2025-12-05,2025-12-11,10-Q,2026,Q2,,,,,,,,,,,2873130000.0,,,,,,,,,,
2026-02-28,2026-03-11,10-Q,2026,Q3,54874000000.0,40737000000.0,54874000000.0,40737000000.0,,17190000000.0,5464000000.0,3721000000.0,39051000000.0,38455000000.0,2876046000.0,1180000000.0,,40737000000.0,40737000000.0,0.7423734373291541,1.3470309546603825,0.2164630599185573,0.0678098917520137,4.6305084745762715,0.7007872580821518
2026-03-05,2026-03-11,10-Q,2026,Q3,,,,,,,,,,,2876046000.0,,,,,,,,,,
2026-05-31,2026-06-22,10-K,2026,FY,46567000000.0,41764000000.0,46567000000.0,41764000000.0,,67357000000.0,20606000000.0,17309000000.0,43056000000.0,31289000000.0,2880471000.0,4599000000.0,,41764000000.0,41764000000.0,0.8968582902055103,1.1150033521693323,0.2569740338791811,0.371700989971439,4.480539247662535,0.6719135868748255
2026-06-12,2026-06-22,10-K,2026,FY,,,,,,,,,,,2880471000.0,,,,,,,,,,
