period_end,filed,form,fiscal_year,fiscal_period,assets,liabilities,current_assets,current_liabilities,long_term_debt,current_debt,revenue,operating_income,net_income,stockholders_equity,cash,shares_outstanding,interest_expense,default_point_proxy,total_debt_proxy,book_leverage,current_ratio,net_margin,return_on_assets,interest_coverage_proxy,cash_to_assets
2007-01-31,2010-03-30,10-K,2009,FY,,,,,,,,,,63733000000.0,,3759007514.0,,,,,,,,,
2008-01-31,2010-03-30,10-K,2009,FY,,,,,,,373821000000.0,21952000000.0,13137000000.0,66547000000.0,,3759007514.0,,,,,,0.035142487982216086,,,
2008-01-31,2011-03-30,10-K,2010,FY,,,,,,,,,,66250000000.0,,3491198520.0,,,,,,,,,
2008-07-31,2009-09-09,10-Q,2009,Q2,49774000000.0,54929000000.0,49774000000.0,54929000000.0,34168000000.0,2180000000.0,101546000000.0,5813000000.0,3579000000.0,68868000000.0,6903000000.0,3856826597.0,,19264000000.0,36348000000.0,1.103568127938281,0.9061515774909429,0.03524511059027436,0.07190501064812954,,0.1386868646281191
2008-10-31,2009-12-08,10-Q,2009,Q3,53093000000.0,60624000000.0,53093000000.0,60624000000.0,30803000000.0,4753000000.0,97619000000.0,5292000000.0,3251000000.0,67573000000.0,5920000000.0,3810171967.0,,20154500000.0,35556000000.0,1.14184544101859,0.8757752705199261,0.03330294307460638,0.061232177499858736,,0.11150245795114233
2009-01-31,2009-09-09,10-Q,2009,Q2,48949000000.0,55390000000.0,48949000000.0,55390000000.0,31349000000.0,5848000000.0,,,,67079000000.0,7275000000.0,3856826597.0,,21522500000.0,37197000000.0,1.1315859363827658,0.8837154721068785,,,,0.1486240781221271
2009-01-31,2009-12-08,10-Q,2009,Q3,48949000000.0,55390000000.0,48949000000.0,55390000000.0,31349000000.0,5848000000.0,,,,67079000000.0,7275000000.0,3810171967.0,,21522500000.0,37197000000.0,1.1315859363827658,0.8837154721068785,,,,0.1486240781221271
2009-01-31,2010-03-30,10-K,2009,FY,48949000000.0,55390000000.0,48949000000.0,55390000000.0,31349000000.0,1506000000.0,401087000000.0,22798000000.0,13899000000.0,67079000000.0,7275000000.0,3759007514.0,,17180500000.0,32855000000.0,1.1315859363827658,0.8837154721068785,0.03465332957687484,0.28394859956281027,,0.1486240781221271
2009-01-31,2011-03-30,10-K,2010,FY,,,,,,,401087000000.0,22767000000.0,13880000000.0,66763000000.0,,3491198520.0,,,,,,0.0346059583082972,,,
2009-01-31,2012-03-27,10-K,2011,FY,,,,,,,,,,66763000000.0,7275000000.0,3404538468.0,,,,,,,,,
2009-04-30,2010-06-04,10-Q,2010,Q1,47746000000.0,56399000000.0,47746000000.0,56399000000.0,32480000000.0,1457000000.0,93471000000.0,5217000000.0,3139000000.0,63914000000.0,6578000000.0,3709648571.0,,17697000000.0,33937000000.0,1.1812298412432456,0.8465752938881895,0.03358260850959121,0.06574372722322289,,0.1377707033049889
2009-04-30,2011-03-30,10-K,2010,FY,,,,,,,93471000000.0,,3113000000.0,,,3491198520.0,,,,,,0.03330444736870259,,,
2009-07-31,2009-09-09,10-Q,2009,Q2,49025000000.0,57196000000.0,49025000000.0,57196000000.0,33579000000.0,6959000000.0,100082000000.0,5882000000.0,3549000000.0,68822000000.0,7997000000.0,3856826597.0,,23748500000.0,40538000000.0,1.1666700662927079,0.8571403594656969,0.03546092204392398,0.0723916369199388,,0.16312085670576237
2009-07-31,2010-09-01,10-Q,2010,Q2,48692000000.0,57176000000.0,48692000000.0,57176000000.0,33579000000.0,1122000000.0,100168000000.0,5929000000.0,3579000000.0,68509000000.0,7997000000.0,3636547192.0,,17911500000.0,34701000000.0,1.1742380678550892,0.8516160626836435,0.035729973644277616,0.07350283414113201,,0.16423642487472276
2009-07-31,2011-03-30,10-K,2010,FY,,,,,,,100168000000.0,,3579000000.0,,,3491198520.0,,,,,,0.035729973644277616,,,
2009-09-04,2009-09-09,10-Q,2009,Q2,,,,,,,,,,,,3856826597.0,,,,,,,,,
2009-10-31,2009-12-08,10-Q,2009,Q3,51948000000.0,59179000000.0,51948000000.0,59179000000.0,34394000000.0,4169000000.0,98667000000.0,5593000000.0,3353000000.0,69642000000.0,6003000000.0,3810171967.0,,21366000000.0,38563000000.0,1.139196889196889,0.877811385795637,0.03398299330069831,0.06454531454531455,,0.11555786555786556
2009-10-31,2010-12-06,10-Q,2010,Q3,51516000000.0,59155000000.0,51516000000.0,59155000000.0,34394000000.0,5239000000.0,98667000000.0,5442000000.0,3258000000.0,69234000000.0,6003000000.0,3561994294.0,,22436000000.0,39633000000.0,1.148284028263064,0.8708646775420505,0.033020158715680016,0.06324248777078965,,0.11652690426275332
2009-10-31,2011-03-30,10-K,2010,FY,,,,,,,98667000000.0,,3258000000.0,,,3491198520.0,,,,,,0.033020158715680016,,,
2009-12-03,2009-12-08,10-Q,2009,Q3,,,,,,,,,,,,3810171967.0,,,,,,,,,
2010-01-31,2010-03-30,10-K,2009,FY,48331000000.0,55561000000.0,48331000000.0,55561000000.0,33231000000.0,523000000.0,405046000000.0,23950000000.0,14848000000.0,72929000000.0,7907000000.0,3759007514.0,,17138500000.0,33754000000.0,1.1495934286482796,0.8698727524702579,0.03665756481979825,0.3072148310608098,,0.16360100142765513
2010-01-31,2010-06-04,10-Q,2010,Q1,48331000000.0,55561000000.0,48331000000.0,55561000000.0,33231000000.0,523000000.0,,,,72929000000.0,7907000000.0,3709648571.0,,17138500000.0,33754000000.0,1.1495934286482796,0.8698727524702579,,,,0.16360100142765513
2010-01-31,2010-09-01,10-Q,2010,Q2,48032000000.0,55543000000.0,48032000000.0,55543000000.0,33231000000.0,523000000.0,,,,72648000000.0,7907000000.0,3636547192.0,,17138500000.0,33754000000.0,1.1563749167221853,0.864771438345066,,,,0.16461942038640906
2010-01-31,2010-12-06,10-Q,2010,Q3,48032000000.0,55543000000.0,48032000000.0,55543000000.0,33231000000.0,523000000.0,,,,72648000000.0,7907000000.0,3561994294.0,,17138500000.0,33754000000.0,1.1563749167221853,0.864771438345066,,,,0.16461942038640906
2010-01-31,2011-03-30,10-K,2010,FY,48032000000.0,55543000000.0,48032000000.0,55543000000.0,33231000000.0,523000000.0,112826000000.0,24002000000.0,4933000000.0,72648000000.0,7907000000.0,3491198520.0,,17138500000.0,33754000000.0,1.1563749167221853,0.864771438345066,0.043722191693404,0.10270236508994005,,0.16461942038640906
2010-01-31,2011-09-01,10-Q,2011,Q2,,,,,,,,,,,7907000000.0,3446636800.0,,,,,,,,,
2010-01-31,2011-12-08,10-Q,2011,Q3,,,,,,,,,,,7907000000.0,3424697366.0,,,,,,,,,
2010-01-31,2012-03-27,10-K,2011,FY,,,,,,,405132000000.0,24002000000.0,14883000000.0,72648000000.0,7907000000.0,3404538468.0,,,,,,0.036736174876336604,,,
2010-01-31,2013-03-26,10-K,2012,FY,,,,,,,,,,72648000000.0,7907000000.0,3292443366.0,,,,,,,,,
2010-03-26,2010-03-30,10-K,2009,FY,,,,,,,,,,,,3759007514.0,,,,,,,,,
2010-04-30,2010-06-04,10-Q,2010,Q1,51674000000.0,64512000000.0,51674000000.0,64512000000.0,32668000000.0,4812000000.0,99097000000.0,5772000000.0,3467000000.0,68602000000.0,8516000000.0,3709648571.0,,21146000000.0,37480000000.0,1.2484421565971282,0.8009982638888888,0.03498592288363926,0.06709370282927585,,0.16480241514107674
2010-04-30,2011-03-30,10-K,2010,FY,,,,,,,99097000000.0,,3444000000.0,,,3491198520.0,,,,,,0.03475382705833678,,,
2010-04-30,2011-06-03,10-Q,2011,Q1,51346000000.0,64490000000.0,51346000000.0,64490000000.0,32668000000.0,4812000000.0,99097000000.0,5737000000.0,3444000000.0,68296000000.0,8516000000.0,3472560467.0,,21146000000.0,37480000000.0,1.25598878198886,0.7961854551093193,0.03475382705833678,0.06707435827523078,,0.1658551785922954
2010-04-30,2012-03-27,10-K,2011,FY,,,,,,,99097000000.0,,3444000000.0,,,3404538468.0,,,,,,0.03475382705833678,,,
2010-06-01,2010-06-04,10-Q,2010,Q1,,,,,,,,,,,,3709648571.0,,,,,,,,,
2010-07-31,2010-09-01,10-Q,2010,Q2,53045000000.0,65655000000.0,53045000000.0,65655000000.0,35629000000.0,4639000000.0,103016000000.0,6190000000.0,3747000000.0,66896000000.0,10195000000.0,3636547192.0,,22453500000.0,40268000000.0,1.2377226882835328,0.8079354199984768,0.03637299060340141,0.07063813743048356,,0.19219530587237252
2010-07-31,2011-03-30,10-K,2010,FY,,,,,,,103016000000.0,,3747000000.0,,,3491198520.0,,,,,,0.03637299060340141,,,
2010-07-31,2011-09-01,10-Q,2011,Q2,53045000000.0,65655000000.0,53045000000.0,65655000000.0,35629000000.0,4639000000.0,103016000000.0,6190000000.0,3747000000.0,66896000000.0,10195000000.0,3446636800.0,,22453500000.0,40268000000.0,1.2377226882835328,0.8079354199984768,0.03637299060340141,0.07063813743048356,,0.19219530587237252
2010-07-31,2012-03-27,10-K,2011,FY,,,,,,,103016000000.0,,3747000000.0,,,3404538468.0,,,,,,0.03637299060340141,,,
2010-08-27,2010-09-01,10-Q,2010,Q2,,,,,,,,,,,,3636547192.0,,,,,,,,,
2010-10-31,2010-12-06,10-Q,2010,Q3,59568000000.0,68407000000.0,59568000000.0,68407000000.0,40803000000.0,7352000000.0,101239000000.0,5611000000.0,3590000000.0,68020000000.0,10616000000.0,3561994294.0,,27753500000.0,48155000000.0,1.1483850389470858,0.8707880772435569,0.03546064263771866,0.060267257587966694,,0.17821649207628257
2010-10-31,2011-03-30,10-K,2010,FY,,,,,,,101239000000.0,,3590000000.0,,,3491198520.0,,,,,,0.03546064263771866,,,
2010-10-31,2011-12-08,10-Q,2011,Q3,59568000000.0,68407000000.0,59568000000.0,68407000000.0,40803000000.0,7352000000.0,101239000000.0,5611000000.0,3590000000.0,68020000000.0,10616000000.0,3424697366.0,,27753500000.0,48155000000.0,1.1483850389470858,0.8707880772435569,0.03546064263771866,0.060267257587966694,,0.17821649207628257
2010-10-31,2012-03-27,10-K,2011,FY,,,,,,,101239000000.0,,3590000000.0,,,3404538468.0,,,,,,0.03546064263771866,,,
2010-11-30,2010-12-06,10-Q,2010,Q3,,,,,,,,,,,,3561994294.0,,,,,,,,,
2011-01-31,2011-03-30,10-K,2010,FY,51893000000.0,58484000000.0,51893000000.0,58484000000.0,40692000000.0,1031000000.0,115600000000.0,25542000000.0,6212000000.0,71247000000.0,7395000000.0,3491198520.0,,21377000000.0,41723000000.0,1.1270113502784576,0.8873025100882292,0.05373702422145329,0.11970786040506427,,0.14250476942940282
2011-01-31,2011-06-03,10-Q,2011,Q1,51893000000.0,58484000000.0,51893000000.0,58484000000.0,40692000000.0,1031000000.0,,,,71247000000.0,7395000000.0,3472560467.0,,21377000000.0,41723000000.0,1.1270113502784576,0.8873025100882292,,,,0.14250476942940282
2011-01-31,2011-09-01,10-Q,2011,Q2,51893000000.0,58484000000.0,51893000000.0,58484000000.0,40692000000.0,1031000000.0,,,,71247000000.0,7395000000.0,3446636800.0,,21377000000.0,41723000000.0,1.1270113502784576,0.8873025100882292,,,,0.14250476942940282
2011-01-31,2011-12-08,10-Q,2011,Q3,51893000000.0,58484000000.0,51893000000.0,58484000000.0,40692000000.0,1031000000.0,,,,71247000000.0,7395000000.0,3424697366.0,,21377000000.0,41723000000.0,1.1270113502784576,0.8873025100882292,,,,0.14250476942940282
2011-01-31,2012-03-27,10-K,2011,FY,52012000000.0,58603000000.0,52012000000.0,58603000000.0,40692000000.0,1031000000.0,115600000000.0,25542000000.0,6212000000.0,71247000000.0,7395000000.0,3404538468.0,,21377000000.0,41723000000.0,1.1267207567484427,0.8875313550500827,0.05373702422145329,0.11943397677459047,,0.1421787279858494
2011-01-31,2012-06-01,10-Q,2012,Q1,,,,,,,,,,,7395000000.0,3383540898.0,,,,,,,,,
2011-01-31,2012-09-06,10-Q,2012,Q2,,,,,,,,,,,7395000000.0,3361444307.0,,,,,,,,,
2011-01-31,2012-12-04,10-Q,2012,Q3,,,,,,,,,,,7395000000.0,3345237845.0,,,,,,,,,
2011-01-31,2013-03-26,10-K,2012,FY,180782000000.0,,,,,,418952000000.0,25542000000.0,16993000000.0,71247000000.0,7395000000.0,3292443366.0,,,,,,0.040560732494414636,0.09399718998572867,,0.0409056211348475
2011-01-31,2014-03-21,10-K,2013,FY,,,,,,,,,,71247000000.0,7395000000.0,3229175401.0,,,,,,,,,
2011-03-21,2011-03-30,10-K,2010,FY,,,,,,,,,,,,3491198520.0,,,,,,,,,
2011-04-30,2011-06-03,10-Q,2011,Q1,55958000000.0,62051000000.0,55958000000.0,62051000000.0,45486000000.0,3451000000.0,103415000000.0,5896000000.0,3550000000.0,67992000000.0,9400000000.0,3472560467.0,,26194000000.0,48937000000.0,1.1088852353550878,0.9018065784596542,0.0343277087463134,0.06344043747096036,,0.16798313020479647
2011-04-30,2012-03-27,10-K,2011,FY,,,,,,,103415000000.0,,3550000000.0,,,3404538468.0,,,,,,0.0343277087463134,,,
2011-04-30,2012-06-01,10-Q,2012,Q1,56118000000.0,62211000000.0,56118000000.0,62211000000.0,45486000000.0,3451000000.0,103415000000.0,5896000000.0,3550000000.0,67992000000.0,9400000000.0,3383540898.0,,26194000000.0,48937000000.0,1.1085747888378061,0.9020591213772484,0.0343277087463134,0.06325956021240957,,0.16750418760469013
2011-04-30,2013-03-26,10-K,2012,FY,,,,,,,103415000000.0,,3550000000.0,,,3292443366.0,,,,,,0.0343277087463134,,,
2011-05-31,2011-06-03,10-Q,2011,Q1,,,,,,,,,,,,3472560467.0,,,,,,,,,
2011-07-31,2011-09-01,10-Q,2011,Q2,55414000000.0,64624000000.0,55414000000.0,64624000000.0,45238000000.0,6435000000.0,108638000000.0,6383000000.0,3937000000.0,72848000000.0,8102000000.0,3446636800.0,,29054000000.0,51673000000.0,1.1662034864835602,0.85748328794256,0.03623962149524108,0.07104702782690295,,0.1462085393582849
2011-07-31,2012-03-27,10-K,2011,FY,,,,,,,108638000000.0,,3937000000.0,,,3404538468.0,,,,,,0.03623962149524108,,,
2011-07-31,2012-09-06,10-Q,2012,Q2,55630000000.0,64840000000.0,55630000000.0,64840000000.0,45238000000.0,6435000000.0,108638000000.0,6383000000.0,3937000000.0,72848000000.0,8102000000.0,3361444307.0,,29054000000.0,51673000000.0,1.165558152076218,0.857958050586058,0.03623962149524108,0.07077116663670681,,0.14564084127269458
2011-07-31,2013-03-26,10-K,2012,FY,,,,,,,108638000000.0,,3937000000.0,,,3292443366.0,,,,,,0.03623962149524108,,,
2011-08-29,2011-09-01,10-Q,2011,Q2,,,,,,,,,,,,3446636800.0,,,,,,,,,
2011-10-31,2011-12-08,10-Q,2011,Q3,59271000000.0,67339000000.0,59271000000.0,67339000000.0,44872000000.0,9594000000.0,109516000000.0,5878000000.0,3493000000.0,71391000000.0,7063000000.0,3424697366.0,,32030000000.0,54466000000.0,1.136120531119772,0.8801883009845706,0.03189488293947916,0.058932698959018745,,0.11916451553036055
2011-10-31,2012-03-27,10-K,2011,FY,,,,,,,109516000000.0,,3493000000.0,,,3404538468.0,,,,,,0.03189488293947916,,,
2011-10-31,2012-12-04,10-Q,2012,Q3,59476000000.0,67544000000.0,59476000000.0,67544000000.0,44872000000.0,9594000000.0,109516000000.0,5878000000.0,3493000000.0,71391000000.0,7063000000.0,3345237845.0,,32030000000.0,54466000000.0,1.1356513551684713,0.8805519365154566,0.03189488293947916,0.05872957159190262,,0.11875378303853655
2011-10-31,2013-03-26,10-K,2012,FY,,,,,,,109516000000.0,,3493000000.0,,,3292443366.0,,,,,,0.03189488293947916,,,
2011-12-06,2011-12-08,10-Q,2011,Q3,,,,,,,,,,,,3424697366.0,,,,,,,,,
2012-01-31,2012-03-27,10-K,2011,FY,54975000000.0,62300000000.0,54975000000.0,62300000000.0,44070000000.0,4047000000.0,122285000000.0,26558000000.0,5407000000.0,75761000000.0,6550000000.0,3404538468.0,,26082000000.0,48117000000.0,1.1332423829013187,0.8824237560192616,0.04421637976857341,0.0983537971805366,,0.11914506593906321
2012-01-31,2012-06-01,10-Q,2012,Q1,54975000000.0,62300000000.0,54975000000.0,62300000000.0,44070000000.0,4047000000.0,,,,75761000000.0,6550000000.0,3383540898.0,,26082000000.0,48117000000.0,1.1332423829013187,0.8824237560192616,,,,0.11914506593906321
2012-01-31,2012-09-06,10-Q,2012,Q2,54975000000.0,62300000000.0,54975000000.0,62300000000.0,44070000000.0,4047000000.0,,,,75761000000.0,6550000000.0,3361444307.0,,26082000000.0,48117000000.0,1.1332423829013187,0.8824237560192616,,,,0.11914506593906321
2012-01-31,2012-12-04,10-Q,2012,Q3,54975000000.0,62300000000.0,54975000000.0,62300000000.0,44070000000.0,4047000000.0,,,,75761000000.0,6550000000.0,3345237845.0,,26082000000.0,48117000000.0,1.1332423829013187,0.8824237560192616,,,,0.11914506593906321
2012-01-31,2013-03-26,10-K,2012,FY,54975000000.0,62300000000.0,54975000000.0,62300000000.0,44070000000.0,4047000000.0,122285000000.0,26558000000.0,5407000000.0,75761000000.0,6550000000.0,3292443366.0,,26082000000.0,48117000000.0,1.1332423829013187,0.8824237560192616,0.04421637976857341,0.0983537971805366,,0.11914506593906321
2012-01-31,2013-06-07,10-Q,2013,Q1,,,,,,,,,,,6550000000.0,3276677691.0,,,,,,,,,
2012-01-31,2013-09-05,10-Q,2013,Q2,,,,,,,,,,,6550000000.0,3255456108.0,,,,,,,,,
2012-01-31,2013-12-06,10-Q,2013,Q3,,,,,,,,,,,6550000000.0,3235772430.0,,,,,,,,,
2012-01-31,2014-03-21,10-K,2013,FY,193406000000.0,,,,,,443416000000.0,26491000000.0,16387000000.0,75761000000.0,6550000000.0,3229175401.0,,,,,,0.03695626680137839,0.08472849859880252,,0.033866581181555895
2012-01-31,2015-04-01,10-K,2015,FY,,,,,,,,,,75761000000.0,6550000000.0,3226062652.0,,,,,,,,,
2012-03-22,2012-03-27,10-K,2011,FY,,,,,,,,,,,,3404538468.0,,,,,,,,,
2012-04-30,2012-06-01,10-Q,2012,Q1,57276000000.0,68978000000.0,57276000000.0,68978000000.0,42956000000.0,5799000000.0,112272000000.0,6387000000.0,3894000000.0,73935000000.0,8117000000.0,3383540898.0,,27277000000.0,48755000000.0,1.2043089601229136,0.8303517063411523,0.03468362548097478,0.06798659124240519,,0.14171729869404287
2012-04-30,2013-03-26,10-K,2012,FY,,,,,,,112272000000.0,,3894000000.0,,,3292443366.0,,,,,,0.03468362548097478,,,
2012-04-30,2013-06-07,10-Q,2013,Q1,57276000000.0,68978000000.0,57276000000.0,68978000000.0,42956000000.0,5799000000.0,112264000000.0,6387000000.0,3894000000.0,73935000000.0,8117000000.0,3276677691.0,,27277000000.0,48755000000.0,1.2043089601229136,0.8303517063411523,0.03468609705693722,0.06798659124240519,,0.14171729869404287
2012-04-30,2014-03-21,10-K,2013,FY,,,,,,,112155000000.0,,3893000000.0,,,3229175401.0,,,,,,0.03471089117738844,,,
2012-05-29,2012-06-01,10-Q,2012,Q1,,,,,,,,,,,,3383540898.0,,,,,,,,,
2012-07-31,2012-09-06,10-Q,2012,Q2,56259000000.0,68315000000.0,56259000000.0,68315000000.0,41202000000.0,6091000000.0,113534000000.0,6698000000.0,4161000000.0,74701000000.0,7935000000.0,3361444307.0,,26692000000.0,47293000000.0,1.2142946017526084,0.8235233843226232,0.03664981415258865,0.07396149949341439,,0.14104409961072895
2012-07-31,2013-03-26,10-K,2012,FY,,,,,,,113534000000.0,,4161000000.0,,,3292443366.0,,,,,,0.03664981415258865,,,
2012-07-31,2013-09-05,10-Q,2013,Q2,56259000000.0,68315000000.0,56259000000.0,68315000000.0,41202000000.0,6091000000.0,113520000000.0,6698000000.0,4161000000.0,74701000000.0,7935000000.0,3255456108.0,,26692000000.0,47293000000.0,1.2142946017526084,0.8235233843226232,0.036654334038054966,0.07396149949341439,,0.14104409961072895
2012-07-31,2014-03-21,10-K,2013,FY,,,,,,,113412000000.0,,4162000000.0,,,3229175401.0,,,,,,0.03669805664303601,,,
2012-08-31,2012-09-06,10-Q,2012,Q2,,,,,,,,,,,,3361444307.0,,,,,,,,,
2012-10-31,2012-12-04,10-Q,2012,Q3,63431000000.0,76845000000.0,63431000000.0,76845000000.0,38872000000.0,8740000000.0,113204000000.0,6116000000.0,3825000000.0,78601000000.0,8643000000.0,3345237845.0,,28176000000.0,47612000000.0,1.2114738850089073,0.8254408224347712,0.03378855870817286,0.06030174520344942,,0.13625829641657863
2012-10-31,2013-03-26,10-K,2012,FY,,,,,,,113204000000.0,,3825000000.0,,,3292443366.0,,,,,,0.03378855870817286,,,
2012-10-31,2013-12-06,10-Q,2013,Q3,63431000000.0,76845000000.0,63431000000.0,76845000000.0,38872000000.0,8740000000.0,113077000000.0,6093000000.0,3825000000.0,78601000000.0,8643000000.0,3235772430.0,,28176000000.0,47612000000.0,1.2114738850089073,0.8254408224347712,0.033826507601015236,0.06030174520344942,,0.13625829641657863
2012-10-31,2014-03-21,10-K,2013,FY,,,,,,,113077000000.0,,3825000000.0,,,3229175401.0,,,,,,0.033826507601015236,,,
2012-11-30,2012-12-04,10-Q,2012,Q3,,,,,,,,,,,,3345237845.0,,,,,,,,,
2012-12-31,2012-03-27,10-K,2011,FY,,,,,,,,,,,6600000000.0,3404538468.0,,,,,,,,,
2013-01-31,2013-03-26,10-K,2012,FY,59940000000.0,71818000000.0,59940000000.0,71818000000.0,38394000000.0,6805000000.0,127104000000.0,27801000000.0,5876000000.0,81738000000.0,7781000000.0,3292443366.0,,26002000000.0,45199000000.0,1.1981648314981648,0.8346097078726782,0.046229859013091644,0.09803136469803136,,0.12981314647981315
2013-01-31,2013-06-07,10-Q,2013,Q1,59940000000.0,71818000000.0,59940000000.0,71818000000.0,38394000000.0,6805000000.0,,,,81738000000.0,7781000000.0,3276677691.0,,26002000000.0,45199000000.0,1.1981648314981648,0.8346097078726782,,,,0.12981314647981315
2013-01-31,2013-09-05,10-Q,2013,Q2,59940000000.0,71818000000.0,59940000000.0,71818000000.0,38394000000.0,6805000000.0,,,,81738000000.0,7781000000.0,3255456108.0,,26002000000.0,45199000000.0,1.1981648314981648,0.8346097078726782,,,,0.12981314647981315
2013-01-31,2013-12-06,10-Q,2013,Q3,59940000000.0,71818000000.0,59940000000.0,71818000000.0,38394000000.0,6805000000.0,,,,81738000000.0,7781000000.0,3235772430.0,,26002000000.0,45199000000.0,1.1981648314981648,0.8346097078726782,,,,0.12981314647981315
2013-01-31,2014-03-21,10-K,2013,FY,59940000000.0,71818000000.0,59940000000.0,71818000000.0,38394000000.0,6805000000.0,126960000000.0,27725000000.0,5876000000.0,81738000000.0,7781000000.0,3229175401.0,,26002000000.0,45199000000.0,1.1981648314981648,0.8346097078726782,0.0462822936357908,0.09803136469803136,,0.12981314647981315
2013-01-31,2014-06-06,10-Q,2015,Q1,,,,,,,,,,,7781000000.0,3223604679.0,,,,,,,,,
2013-01-31,2014-09-05,10-Q,2015,Q2,,,,,,,,,,,7781000000.0,3222513219.0,,,,,,,,,
2013-01-31,2014-12-01,10-Q,2015,Q3,,,,,,,,,,,7781000000.0,3223189895.0,,,,,,,,,
2013-01-31,2015-04-01,10-K,2015,FY,203105000000.0,,,,,,465604000000.0,27725000000.0,17756000000.0,81738000000.0,7781000000.0,3226062652.0,,,,,,0.038135411207807494,0.08742276162576007,,0.03831023362300288
2013-01-31,2016-03-30,10-K,2016,FY,,,,,,,,,,81738000000.0,7781000000.0,3144335104.0,,,,,,,,,
2013-03-22,2013-03-26,10-K,2012,FY,,,,,,,,,,,,3292443366.0,,,,,,,,,
2013-04-30,2013-06-07,10-Q,2013,Q1,60176000000.0,73552000000.0,60176000000.0,73552000000.0,41536000000.0,6255000000.0,113429000000.0,6456000000.0,3945000000.0,75841000000.0,8855000000.0,3276677691.0,,27023000000.0,47791000000.0,1.2222813081627226,0.8181422666956711,0.034779465568769895,0.0655576974208987,,0.1471516883807498
2013-04-30,2014-03-21,10-K,2013,FY,,,,,,,113313000000.0,,3944000000.0,,,3229175401.0,,,,,,0.0348062446497754,,,
2013-04-30,2014-06-06,10-Q,2015,Q1,60176000000.0,73552000000.0,60176000000.0,73552000000.0,41536000000.0,6255000000.0,113313000000.0,6438000000.0,3945000000.0,75841000000.0,8855000000.0,3223604679.0,,27023000000.0,47791000000.0,1.2222813081627226,0.8181422666956711,0.034815069762516214,0.0655576974208987,,0.1471516883807498
2013-04-30,2015-04-01,10-K,2015,FY,,,,,,,113313000000.0,,3944000000.0,,,3226062652.0,,,,,,0.0348062446497754,,,
2013-06-04,2013-06-07,10-Q,2013,Q1,,,,,,,,,,,,3276677691.0,,,,,,,,,
2013-07-31,2013-09-05,10-Q,2013,Q2,60002000000.0,72214000000.0,60002000000.0,72214000000.0,40678000000.0,8639000000.0,116216000000.0,6793000000.0,4215000000.0,76686000000.0,9016000000.0,3255456108.0,,28978000000.0,49317000000.0,1.2035265491150295,0.8308915168803833,0.0362686721277621,0.07024765841138629,,0.15026165794473517
2013-07-31,2014-03-21,10-K,2013,FY,,,,,,,116101000000.0,,4216000000.0,,,3229175401.0,,,,,,0.03631321004987037,,,
2013-07-31,2014-09-05,10-Q,2015,Q2,60002000000.0,72214000000.0,60002000000.0,72214000000.0,40678000000.0,8639000000.0,116101000000.0,6777000000.0,4215000000.0,76686000000.0,9016000000.0,3222513219.0,,28978000000.0,49317000000.0,1.2035265491150295,0.8308915168803833,0.03630459685963084,0.07024765841138629,,0.15026165794473517
2013-07-31,2015-04-01,10-K,2015,FY,,,,,,,116101000000.0,,4216000000.0,,,3226062652.0,,,,,,0.03631321004987037,,,
2013-09-03,2013-09-05,10-Q,2013,Q2,,,,,,,,,,,,3255456108.0,,,,,,,,,
2013-10-31,2013-12-06,10-Q,2013,Q3,67142000000.0,77021000000.0,67142000000.0,77021000000.0,41702000000.0,12817000000.0,114876000000.0,6310000000.0,3885000000.0,78522000000.0,8736000000.0,3235772430.0,,33668000000.0,54519000000.0,1.1471359208840963,0.8717362797159216,0.0338190744803092,0.05786244079711656,,0.1301122993059486
2013-10-31,2014-03-21,10-K,2013,FY,,,,,,,114876000000.0,,3885000000.0,,,3229175401.0,,,,,,0.0338190744803092,,,
2013-10-31,2014-12-01,10-Q,2015,Q3,67142000000.0,77021000000.0,67142000000.0,77021000000.0,41702000000.0,12817000000.0,114876000000.0,6310000000.0,3885000000.0,78522000000.0,8736000000.0,3223189895.0,,33668000000.0,54519000000.0,1.1471359208840963,0.8717362797159216,0.0338190744803092,0.05786244079711656,,0.1301122993059486
2013-10-31,2015-04-01,10-K,2015,FY,,,,,,,114876000000.0,,3885000000.0,,,3226062652.0,,,,,,0.0338190744803092,,,
2013-12-04,2013-12-06,10-Q,2013,Q3,,,,,,,,,,,,3235772430.0,,,,,,,,,
2014-01-31,2014-03-21,10-K,2013,FY,61185000000.0,69345000000.0,61185000000.0,69345000000.0,41771000000.0,7670000000.0,128786000000.0,26872000000.0,4650000000.0,81339000000.0,7281000000.0,3229175401.0,,28555500000.0,49441000000.0,1.133366021083599,0.882327492969933,0.03610640908173249,0.07599901936749204,,0.11899975484187301
2014-01-31,2014-06-06,10-Q,2015,Q1,61185000000.0,69345000000.0,61185000000.0,69345000000.0,41771000000.0,7670000000.0,,,,81339000000.0,7281000000.0,3223604679.0,,28555500000.0,49441000000.0,1.133366021083599,0.882327492969933,,,,0.11899975484187301
2014-01-31,2014-09-05,10-Q,2015,Q2,61185000000.0,69345000000.0,61185000000.0,69345000000.0,41771000000.0,7670000000.0,,,,81339000000.0,7281000000.0,3222513219.0,,28555500000.0,49441000000.0,1.133366021083599,0.882327492969933,,,,0.11899975484187301
2014-01-31,2014-12-01,10-Q,2015,Q3,61185000000.0,69345000000.0,61185000000.0,69345000000.0,41771000000.0,7670000000.0,,,,81339000000.0,7281000000.0,3223189895.0,,28555500000.0,49441000000.0,1.133366021083599,0.882327492969933,,,,0.11899975484187301
2014-01-31,2015-04-01,10-K,2015,FY,61185000000.0,69345000000.0,61185000000.0,69345000000.0,41771000000.0,7670000000.0,128786000000.0,26872000000.0,4650000000.0,81339000000.0,7281000000.0,3226062652.0,,28555500000.0,49441000000.0,1.133366021083599,0.882327492969933,0.03610640908173249,0.07599901936749204,,0.11899975484187301
2014-01-31,2015-06-05,10-Q,2016,Q1,,,,,,,,,,,7281000000.0,3220548651.0,,,,,,,,,
2014-01-31,2015-09-09,10-Q,2016,Q2,,,,,,,,,,,7281000000.0,3205941803.0,,,,,,,,,
2014-01-31,2015-12-02,10-Q,2016,Q3,,,,,,,,,,,7281000000.0,3201893234.0,,,,,,,,,
2014-01-31,2016-03-30,10-K,2016,FY,204541000000.0,,,,,,473076000000.0,26872000000.0,16695000000.0,81339000000.0,7281000000.0,3144335104.0,,,,,,0.035290312761585875,0.08162177754093311,,0.035596775218660316
2014-01-31,2017-03-31,10-K,2017,FY,,,,,,,,,,81339000000.0,7281000000.0,3033009079.0,,,,,,,,,
2014-03-18,2014-03-21,10-K,2013,FY,,,,,,,,,,,,3229175401.0,,,,,,,,,
2014-04-30,2014-06-06,10-Q,2015,Q1,59687000000.0,67942000000.0,59687000000.0,67942000000.0,45699000000.0,3517000000.0,114167000000.0,6193000000.0,3726000000.0,78199000000.0,6012000000.0,3223604679.0,,26366500000.0,49216000000.0,1.1383048234959037,0.8784993082334933,0.03263640106160274,0.06242565382746662,,0.10072545110325531
2014-04-30,2015-04-01,10-K,2015,FY,,,,,,,114167000000.0,,3726000000.0,,,3226062652.0,,,,,,0.03263640106160274,,,
2014-04-30,2015-06-05,10-Q,2016,Q1,59687000000.0,67921000000.0,59687000000.0,67921000000.0,45491000000.0,3517000000.0,114167000000.0,6193000000.0,3726000000.0,78199000000.0,6012000000.0,3220548651.0,,26262500000.0,49008000000.0,1.1379529880878583,0.8787709250452732,0.03263640106160274,0.06242565382746662,,0.10072545110325531
2014-04-30,2016-03-30,10-K,2016,FY,,,,,,,114167000000.0,,3726000000.0,,,3144335104.0,,,,,,0.03263640106160274,,,
2014-06-04,2014-06-06,10-Q,2015,Q1,,,,,,,,,,,,3223604679.0,,,,,,,,,
2014-07-31,2014-09-05,10-Q,2015,Q2,59632000000.0,67152000000.0,59632000000.0,67152000000.0,43004000000.0,3516000000.0,119336000000.0,6740000000.0,4359000000.0,82823000000.0,6184000000.0,3222513219.0,,25018000000.0,46520000000.0,1.126106788301583,0.8880152489873719,0.0365271167124757,0.07309833646364368,,0.1037027099543869
2014-07-31,2015-04-01,10-K,2015,FY,,,,,,,119336000000.0,,4359000000.0,,,3226062652.0,,,,,,0.0365271167124757,,,
2014-07-31,2015-09-09,10-Q,2016,Q2,59632000000.0,67132000000.0,59632000000.0,67132000000.0,42801000000.0,3516000000.0,119336000000.0,6740000000.0,4359000000.0,82823000000.0,6184000000.0,3205941803.0,,24916500000.0,46317000000.0,1.125771397907164,0.8882798069475064,0.0365271167124757,0.07309833646364368,,0.1037027099543869
2014-07-31,2016-03-30,10-K,2016,FY,,,,,,,119336000000.0,,4359000000.0,,,3144335104.0,,,,,,0.0365271167124757,,,
2014-09-03,2014-09-05,10-Q,2015,Q2,,,,,,,,,,,,3222513219.0,,,,,,,,,
2014-10-31,2014-12-01,10-Q,2015,Q3,65841000000.0,71560000000.0,65841000000.0,71560000000.0,41720000000.0,6019000000.0,118076000000.0,6265000000.0,3826000000.0,84053000000.0,6718000000.0,3223189895.0,,26879000000.0,47739000000.0,1.0868607706444313,0.9200810508664058,0.03240285917544632,0.05810968849197309,,0.1020336872161723
2014-10-31,2015-04-01,10-K,2015,FY,,,,,,,118076000000.0,,3826000000.0,,,3226062652.0,,,,,,0.03240285917544632,,,
2014-10-31,2015-12-02,10-Q,2016,Q3,65841000000.0,71540000000.0,65841000000.0,71540000000.0,41519000000.0,6019000000.0,118076000000.0,6265000000.0,3826000000.0,84053000000.0,6718000000.0,3201893234.0,,26778500000.0,47538000000.0,1.0865570085509029,0.9203382722952195,0.03240285917544632,0.05810968849197309,,0.1020336872161723
2014-10-31,2016-03-30,10-K,2016,FY,,,,,,,118076000000.0,,3826000000.0,,,3144335104.0,,,,,,0.03240285917544632,,,
2014-11-26,2014-12-01,10-Q,2015,Q3,,,,,,,,,,,,3223189895.0,,,,,,,,,
2015-01-31,2015-04-01,10-K,2015,FY,63278000000.0,65272000000.0,63278000000.0,65272000000.0,41086000000.0,1592000000.0,130650000000.0,27147000000.0,5188000000.0,85937000000.0,9135000000.0,3226062652.0,,22135000000.0,42678000000.0,1.0315117418376054,0.9694509131020959,0.039709146574818215,0.08198742058851417,,0.14436296975252064
2015-01-31,2015-06-05,10-Q,2016,Q1,63278000000.0,65253000000.0,63278000000.0,65253000000.0,40889000000.0,1592000000.0,,,,85937000000.0,9135000000.0,3220548651.0,,22036500000.0,42481000000.0,1.0312114795031448,0.9697331923436471,,,,0.14436296975252064
2015-01-31,2015-09-09,10-Q,2016,Q2,63278000000.0,65253000000.0,63278000000.0,65253000000.0,40889000000.0,1592000000.0,,,,85937000000.0,9135000000.0,3205941803.0,,22036500000.0,42481000000.0,1.0312114795031448,0.9697331923436471,,,,0.14436296975252064
2015-01-31,2015-12-02,10-Q,2016,Q3,63278000000.0,65253000000.0,63278000000.0,65253000000.0,40889000000.0,1592000000.0,,,,85937000000.0,9135000000.0,3201893234.0,,22036500000.0,42481000000.0,1.0312114795031448,0.9697331923436471,,,,0.14436296975252064
2015-01-31,2016-03-30,10-K,2016,FY,63278000000.0,65253000000.0,63278000000.0,65253000000.0,40889000000.0,1592000000.0,130650000000.0,27147000000.0,5188000000.0,85937000000.0,9135000000.0,3144335104.0,,22036500000.0,42481000000.0,1.0312114795031448,0.9697331923436471,0.039709146574818215,0.08198742058851417,,0.14436296975252064
2015-01-31,2016-06-03,10-Q,2017,Q1,,,,,,,,,,,9135000000.0,3116646721.0,,,,,,,,,
2015-01-31,2016-08-31,10-Q,2017,Q2,,,,,,,,,,,9135000000.0,3093257531.0,,,,,,,,,
2015-01-31,2016-12-01,10-Q,2017,Q3,,,,,,,,,,,9135000000.0,3073190306.0,,,,,,,,,
2015-01-31,2017-03-31,10-K,2017,FY,203490000000.0,,,,,,482229000000.0,27147000000.0,17099000000.0,85937000000.0,9135000000.0,3033009079.0,,,,,,0.03545825738394,0.08402869919897783,,0.04489164086687306
2015-01-31,2018-03-30,10-K,2018,FY,,,,,,,,,,85937000000.0,9135000000.0,2950696818.0,,,,,,,,,
2015-03-30,2015-04-01,10-K,2015,FY,,,,,,,,,,,,3226062652.0,,,,,,,,,
2015-04-30,2015-06-05,10-Q,2016,Q1,62133000000.0,69624000000.0,62133000000.0,69624000000.0,38867000000.0,799000000.0,114002000000.0,5680000000.0,3283000000.0,79990000000.0,7759000000.0,3220548651.0,,20232500000.0,39666000000.0,1.120563951523345,0.8924077904170975,0.028797740390519466,0.05283826629971191,,0.12487727938454606
2015-04-30,2016-03-30,10-K,2016,FY,,,,,,,114002000000.0,,3283000000.0,,,3144335104.0,,,,,,0.028797740390519466,,,
2015-04-30,2016-06-03,10-Q,2017,Q1,62133000000.0,69624000000.0,62133000000.0,69624000000.0,38867000000.0,799000000.0,114002000000.0,5680000000.0,3283000000.0,79990000000.0,7759000000.0,3116646721.0,,20232500000.0,39666000000.0,1.120563951523345,0.8924077904170975,0.028797740390519466,0.05283826629971191,,0.12487727938454606
2015-04-30,2017-03-31,10-K,2017,FY,,,,,,,114002000000.0,,3283000000.0,,,3033009079.0,,,,,,0.028797740390519466,,,
2015-06-03,2015-06-05,10-Q,2016,Q1,,,,,,,,,,,,3220548651.0,,,,,,,,,
2015-07-31,2015-09-09,10-Q,2016,Q2,58132000000.0,65262000000.0,58132000000.0,65262000000.0,38581000000.0,1725000000.0,119330000000.0,6069000000.0,3635000000.0,82124000000.0,5751000000.0,3205941803.0,,21015500000.0,40306000000.0,1.1226518956856808,0.8907480616591584,0.030461744741473226,0.06253010390146563,,0.09893002133076446
2015-07-31,2016-03-30,10-K,2016,FY,,,,,,,119330000000.0,,3635000000.0,,,3144335104.0,,,,,,0.030461744741473226,,,
2015-07-31,2016-08-31,10-Q,2017,Q2,58132000000.0,65262000000.0,58132000000.0,65262000000.0,38581000000.0,1725000000.0,119330000000.0,6069000000.0,3635000000.0,82124000000.0,5751000000.0,3093257531.0,,21015500000.0,40306000000.0,1.1226518956856808,0.8907480616591584,0.030461744741473226,0.06253010390146563,,0.09893002133076446
2015-07-31,2017-03-31,10-K,2017,FY,,,,,,,119330000000.0,,3635000000.0,,,3033009079.0,,,,,,0.030461744741473226,,,
2015-09-08,2015-09-09,10-Q,2016,Q2,,,,,,,,,,,,3205941803.0,,,,,,,,,
2015-10-31,2015-12-02,10-Q,2016,Q3,65112000000.0,70492000000.0,65112000000.0,70492000000.0,38617000000.0,4960000000.0,116598000000.0,5714000000.0,3414000000.0,82630000000.0,6990000000.0,3201893234.0,,24268500000.0,43577000000.0,1.082626858336405,0.9236792827554899,0.029280090567591212,0.05243273129377073,,0.1073534832288979
2015-10-31,2016-03-30,10-K,2016,FY,,,,,,,116598000000.0,,3414000000.0,,,3144335104.0,,,,,,0.029280090567591212,,,
2015-10-31,2016-12-01,10-Q,2017,Q3,65112000000.0,70492000000.0,65112000000.0,70492000000.0,38617000000.0,4960000000.0,116598000000.0,5714000000.0,3414000000.0,82630000000.0,6990000000.0,3073190306.0,,24268500000.0,43577000000.0,1.082626858336405,0.9236792827554899,0.029280090567591212,0.05243273129377073,,0.1073534832288979
2015-10-31,2017-03-31,10-K,2017,FY,,,,,,,116598000000.0,,3414000000.0,,,3033009079.0,,,,,,0.029280090567591212,,,
2015-11-30,2015-12-02,10-Q,2016,Q3,,,,,,,,,,,,3201893234.0,,,,,,,,,
2016-01-31,2016-03-30,10-K,2016,FY,60239000000.0,64619000000.0,60239000000.0,64619000000.0,38214000000.0,2708000000.0,128684000000.0,24105000000.0,4748000000.0,83611000000.0,8705000000.0,3144335104.0,,21815000000.0,40922000000.0,1.0727103703580736,0.9322180782741918,0.03689658387989183,0.07881936951144607,,0.14450771095137702
2016-01-31,2016-06-03,10-Q,2017,Q1,60239000000.0,64619000000.0,60239000000.0,64619000000.0,38214000000.0,2708000000.0,,,,83611000000.0,8705000000.0,3116646721.0,,21815000000.0,40922000000.0,1.0727103703580736,0.9322180782741918,,,,0.14450771095137702
2016-01-31,2016-08-31,10-Q,2017,Q2,60239000000.0,64619000000.0,60239000000.0,64619000000.0,38214000000.0,2708000000.0,,,,83611000000.0,8705000000.0,3093257531.0,,21815000000.0,40922000000.0,1.0727103703580736,0.9322180782741918,,,,0.14450771095137702
2016-01-31,2016-12-01,10-Q,2017,Q3,60239000000.0,64619000000.0,60239000000.0,64619000000.0,38214000000.0,2708000000.0,,,,83611000000.0,8705000000.0,3073190306.0,,21815000000.0,40922000000.0,1.0727103703580736,0.9322180782741918,,,,0.14450771095137702
2016-01-31,2017-03-31,10-K,2017,FY,60239000000.0,64619000000.0,60239000000.0,64619000000.0,38214000000.0,2708000000.0,128684000000.0,24105000000.0,4748000000.0,83611000000.0,8705000000.0,3033009079.0,,21815000000.0,40922000000.0,1.0727103703580736,0.9322180782741918,0.03689658387989183,0.07881936951144607,,0.14450771095137702
2016-01-31,2017-06-02,10-Q,2018,Q1,,,,,,,,,,,8705000000.0,3014499132.0,,,,,,,,,
2016-01-31,2017-08-31,10-Q,2018,Q2,,,,,,,,,,,8705000000.0,2987201643.0,,,,,,,,,
2016-01-31,2017-12-01,10-Q,2018,Q3,,,,,,,,,,,8705000000.0,2962381445.0,,,,,,,,,
2016-01-31,2018-03-30,10-K,2018,FY,199581000000.0,,,,,,478614000000.0,24105000000.0,15080000000.0,83611000000.0,8705000000.0,2950696818.0,,,,,,0.031507644991579854,0.07555829462724407,,0.043616376308366026
2016-01-31,2019-03-28,10-K,2019,FY,,,,,,,,,,83611000000.0,8891000000.0,2869684230.0,,,,,,,,,
2016-03-28,2016-03-30,10-K,2016,FY,,,,,,,,,,,,3144335104.0,,,,,,,,,
2016-04-30,2016-06-03,10-Q,2017,Q1,59097000000.0,70282000000.0,59097000000.0,70282000000.0,37151000000.0,3813000000.0,114986000000.0,5275000000.0,3216000000.0,77758000000.0,7597000000.0,3116646721.0,,22388500000.0,40964000000.0,1.1892651065197894,0.840855411058308,0.0279686222670586,0.054419006040915784,,0.1285513647054842
2016-04-30,2017-03-31,10-K,2017,FY,,,,,,,114986000000.0,,3216000000.0,,,3033009079.0,,,,,,0.0279686222670586,,,
2016-04-30,2017-06-02,10-Q,2018,Q1,59097000000.0,70282000000.0,59097000000.0,70282000000.0,37151000000.0,3813000000.0,114986000000.0,5275000000.0,3216000000.0,77758000000.0,7597000000.0,3014499132.0,,22388500000.0,40964000000.0,1.1892651065197894,0.840855411058308,0.0279686222670586,0.054419006040915784,,0.1285513647054842
2016-04-30,2018-03-30,10-K,2018,FY,,,,,,,114986000000.0,,3216000000.0,,,2950696818.0,,,,,,0.0279686222670586,,,
2016-06-01,2016-06-03,10-Q,2017,Q1,,,,,,,,,,,,3116646721.0,,,,,,,,,
2016-07-31,2016-08-31,10-Q,2017,Q2,58232000000.0,68122000000.0,58232000000.0,68122000000.0,36673000000.0,1932000000.0,119405000000.0,6165000000.0,3889000000.0,79144000000.0,7676000000.0,3093257531.0,,20268500000.0,38605000000.0,1.1698378898200301,0.8548192947946331,0.03256982538419664,0.06678458579475202,,0.13181755735677977
2016-07-31,2017-03-31,10-K,2017,FY,,,,,,,119405000000.0,,3889000000.0,,,3033009079.0,,,,,,0.03256982538419664,,,
2016-07-31,2017-08-31,10-Q,2018,Q2,58232000000.0,68122000000.0,58232000000.0,68122000000.0,36673000000.0,1932000000.0,119405000000.0,6165000000.0,3889000000.0,79144000000.0,7676000000.0,2987201643.0,,20268500000.0,38605000000.0,1.1698378898200301,0.8548192947946331,0.03256982538419664,0.06678458579475202,,0.13181755735677977
2016-07-31,2018-03-30,10-K,2018,FY,,,,,,,119405000000.0,,3889000000.0,,,2950696818.0,,,,,,0.03256982538419664,,,
2016-08-29,2016-08-31,10-Q,2017,Q2,,,,,,,,,,,,3093257531.0,,,,,,,,,
2016-10-31,2016-12-01,10-Q,2017,Q3,63401000000.0,74130000000.0,63401000000.0,74130000000.0,36178000000.0,5082000000.0,117176000000.0,5119000000.0,3202000000.0,80475000000.0,5939000000.0,3073190306.0,,23171000000.0,41260000000.0,1.169224460182016,0.8552677728315122,0.02732641496552195,0.05050393526915979,,0.09367360136275453
2016-10-31,2017-03-31,10-K,2017,FY,,,,,,,117176000000.0,,3202000000.0,,,3033009079.0,,,,,,0.02732641496552195,,,
2016-10-31,2017-12-01,10-Q,2018,Q3,63401000000.0,74130000000.0,63401000000.0,74130000000.0,36178000000.0,5082000000.0,117176000000.0,5119000000.0,3202000000.0,80475000000.0,5939000000.0,2962381445.0,,23171000000.0,41260000000.0,1.169224460182016,0.8552677728315122,0.02732641496552195,0.05050393526915979,,0.09367360136275453
2016-10-31,2018-03-30,10-K,2018,FY,,,,,,,117176000000.0,,3202000000.0,,,2950696818.0,,,,,,0.02732641496552195,,,
2016-11-28,2016-12-01,10-Q,2017,Q3,,,,,,,,,,,,3073190306.0,,,,,,,,,
2017-01-31,2017-03-31,10-K,2017,FY,57689000000.0,66928000000.0,57689000000.0,66928000000.0,36015000000.0,1099000000.0,129750000000.0,22764000000.0,3986000000.0,80535000000.0,6867000000.0,3033009079.0,,19106500000.0,37114000000.0,1.1601518487059925,0.8619561319627062,0.030720616570327552,0.06909462809201061,,0.11903482466328069
2017-01-31,2017-06-02,10-Q,2018,Q1,57689000000.0,66928000000.0,57689000000.0,66928000000.0,36015000000.0,1099000000.0,,,,80535000000.0,6867000000.0,3014499132.0,,19106500000.0,37114000000.0,1.1601518487059925,0.8619561319627062,,,,0.11903482466328069
2017-01-31,2017-08-31,10-Q,2018,Q2,57689000000.0,66928000000.0,57689000000.0,66928000000.0,36015000000.0,1099000000.0,,,,80535000000.0,6867000000.0,2987201643.0,,19106500000.0,37114000000.0,1.1601518487059925,0.8619561319627062,,,,0.11903482466328069
2017-01-31,2017-12-01,10-Q,2018,Q3,57689000000.0,66928000000.0,57689000000.0,66928000000.0,36015000000.0,1099000000.0,,,,80535000000.0,6867000000.0,2962381445.0,,19106500000.0,37114000000.0,1.1601518487059925,0.8619561319627062,,,,0.11903482466328069
2017-01-31,2018-03-30,10-K,2018,FY,57689000000.0,66928000000.0,57689000000.0,66928000000.0,36015000000.0,1099000000.0,129750000000.0,22764000000.0,3986000000.0,80535000000.0,6867000000.0,2950696818.0,,19106500000.0,37114000000.0,1.1601518487059925,0.8619561319627062,0.030720616570327552,0.06909462809201061,,0.11903482466328069
2017-01-31,2018-06-04,10-Q,2019,Q1,,,,,,,,,,,7144000000.0,2950844393.0,,,,,,,,,
2017-01-31,2018-09-06,10-Q,2019,Q2,,,,,,,,,,,7144000000.0,2928734576.0,,,,,,,,,
2017-01-31,2018-11-30,10-Q,2019,Q3,,,,,,,,,,,7144000000.0,2905260059.0,,,,,,,,,
2017-01-31,2019-03-28,10-K,2019,FY,198825000000.0,,,,,,485873000000.0,22764000000.0,14293000000.0,80535000000.0,7144000000.0,2869684230.0,,,,,,0.029417152218789683,0.0718873381114045,,0.035931095184207215
2017-01-31,2020-03-20,10-K,2020,FY,,,,,,,,,,80535000000.0,7144000000.0,2832277220.0,,,,,,,,,
2017-03-29,2017-03-31,10-K,2017,FY,,,,,,,,,,,,3033009079.0,,,,,,,,,
2017-04-30,2017-06-02,10-Q,2018,Q1,57336000000.0,74193000000.0,57336000000.0,74193000000.0,33774000000.0,2617000000.0,116526000000.0,5237000000.0,3152000000.0,76114000000.0,6545000000.0,3014499132.0,,19504000000.0,36391000000.0,1.2940037672666387,0.7727952771824835,0.02704975713574653,0.05497418724710479,,0.11415166736430864
2017-04-30,2018-03-30,10-K,2018,FY,,,,,,,116526000000.0,,3152000000.0,,,2950696818.0,,,,,,0.02704975713574653,,,
2017-04-30,2018-06-04,10-Q,2019,Q1,57336000000.0,74193000000.0,57336000000.0,74193000000.0,33774000000.0,2617000000.0,116526000000.0,5237000000.0,3152000000.0,76114000000.0,6835000000.0,2950844393.0,,19504000000.0,36391000000.0,1.2940037672666387,0.7727952771824835,0.02704975713574653,0.05497418724710479,,0.11920957164783033
2017-04-30,2019-03-28,10-K,2019,FY,,,,,,,117542000000.0,,3152000000.0,,,2869684230.0,,,,,,0.026815946640349832,,,
2017-05-31,2017-06-02,10-Q,2018,Q1,,,,,,,,,,,,3014499132.0,,,,,,,,,
2017-07-31,2017-08-31,10-Q,2018,Q2,56763000000.0,72811000000.0,56763000000.0,72811000000.0,33706000000.0,3262000000.0,121949000000.0,5969000000.0,3104000000.0,79046000000.0,6469000000.0,2987201643.0,,20115000000.0,36968000000.0,1.2827193770589997,0.7795937427037124,0.02545326324939114,0.05468350862357522,,0.11396508288850131
2017-07-31,2018-03-30,10-K,2018,FY,,,,,,,121949000000.0,,3104000000.0,,,2950696818.0,,,,,,0.02545326324939114,,,
2017-07-31,2018-09-06,10-Q,2019,Q2,56763000000.0,72811000000.0,56763000000.0,72811000000.0,33706000000.0,3262000000.0,121949000000.0,5969000000.0,3104000000.0,79046000000.0,6763000000.0,2928734576.0,,20115000000.0,36968000000.0,1.2827193770589997,0.7795937427037124,0.02545326324939114,0.05468350862357522,,0.11914451315117242
2017-07-31,2019-03-28,10-K,2019,FY,,,,,,,123355000000.0,,3104000000.0,,,2869684230.0,,,,,,0.02516314701471363,,,
2017-08-29,2017-08-31,10-Q,2018,Q2,,,,,,,,,,,,2987201643.0,,,,,,,,,
2017-10-31,2017-12-01,10-Q,2018,Q3,65368000000.0,80435000000.0,65368000000.0,80435000000.0,34206000000.0,5114000000.0,122136000000.0,4764000000.0,1904000000.0,78906000000.0,7026000000.0,2962381445.0,,22217000000.0,39320000000.0,1.2304950434463346,0.8126810468079816,0.015589179275561669,0.029127401786807,,0.10748378411455146
2017-10-31,2018-03-30,10-K,2018,FY,,,,,,,122136000000.0,,1904000000.0,,,2950696818.0,,,,,,0.015589179275561669,,,
2017-10-31,2018-11-30,10-Q,2019,Q3,65368000000.0,80435000000.0,65368000000.0,80435000000.0,34206000000.0,5114000000.0,123179000000.0,4764000000.0,1904000000.0,78906000000.0,7320000000.0,2905260059.0,,22217000000.0,39320000000.0,1.2304950434463346,0.8126810468079816,0.015457180201170654,0.029127401786807,,0.1119813976257496
2017-10-31,2019-03-28,10-K,2019,FY,,,,,,,123179000000.0,,1904000000.0,,,2869684230.0,,,,,,0.015457180201170654,,,
2017-11-29,2017-12-01,10-Q,2018,Q3,,,,,,,,,,,,2962381445.0,,,,,,,,,
2018-01-31,2018-03-30,10-K,2018,FY,59664000000.0,78521000000.0,59664000000.0,78521000000.0,30045000000.0,5257000000.0,135150000000.0,20437000000.0,2363000000.0,80822000000.0,6756000000.0,2950696818.0,,20279500000.0,35302000000.0,1.3160532314293376,0.7598476840590416,0.01748427672955975,0.03960512201662644,,0.11323411102172164
2018-01-31,2018-06-04,10-Q,2019,Q1,59664000000.0,78521000000.0,59664000000.0,78521000000.0,30045000000.0,5257000000.0,,,,80822000000.0,7014000000.0,2950844393.0,,20279500000.0,35302000000.0,1.3160532314293376,0.7598476840590416,,,,0.11755832662912309
2018-01-31,2018-09-06,10-Q,2019,Q2,59664000000.0,78521000000.0,59664000000.0,78521000000.0,30045000000.0,5257000000.0,,,,80822000000.0,7014000000.0,2928734576.0,,20279500000.0,35302000000.0,1.3160532314293376,0.7598476840590416,,,,0.11755832662912309
2018-01-31,2018-11-30,10-Q,2019,Q3,59664000000.0,78521000000.0,59664000000.0,78521000000.0,30045000000.0,5257000000.0,,,,80822000000.0,7014000000.0,2905260059.0,,20279500000.0,35302000000.0,1.3160532314293376,0.7598476840590416,,,,0.11755832662912309
2018-01-31,2019-03-28,10-K,2019,FY,59664000000.0,78521000000.0,59664000000.0,78521000000.0,30045000000.0,5257000000.0,136267000000.0,20437000000.0,2363000000.0,80822000000.0,7014000000.0,2869684230.0,,20279500000.0,35302000000.0,1.3160532314293376,0.7598476840590416,0.01734095562388546,0.03960512201662644,,0.11755832662912309
2018-01-31,2019-06-07,10-Q,2020,Q1,,,,,,,,,,80822000000.0,7014000000.0,2854722137.0,,,,,,,,,
2018-01-31,2019-09-06,10-Q,2020,Q2,,,,,,,,,,80822000000.0,7014000000.0,2844284080.0,,,,,,,,,
2018-01-31,2019-12-04,10-Q,2020,Q3,,,,,,,,,,80822000000.0,7014000000.0,2837174936.0,,,,,,,,,
2018-01-31,2020-03-20,10-K,2020,FY,204522000000.0,,,,,,500343000000.0,20437000000.0,10523000000.0,80822000000.0,7014000000.0,2832277220.0,,,,,,0.021031572341373816,0.05145167757013915,,0.034294599114031744
2018-01-31,2021-03-19,10-K,2021,FY,,,,,,,,,,80822000000.0,7014000000.0,2817071695.0,,,,,,,,,
2018-03-28,2018-03-30,10-K,2018,FY,,,,,,,,,,,,2950696818.0,,,,,,,,,
2018-04-30,2018-06-04,10-Q,2019,Q1,59242000000.0,80757000000.0,59242000000.0,80757000000.0,29477000000.0,7762000000.0,121630000000.0,5154000000.0,2276000000.0,78324000000.0,8150000000.0,2950844393.0,,22500500000.0,37239000000.0,1.3631713986698626,0.7335834664487288,0.01871248869522322,0.03841868944330036,,0.13757131764626448
2018-04-30,2019-03-28,10-K,2019,FY,,,,,,,122690000000.0,,2276000000.0,,,2869684230.0,,,,,,0.018550819137664033,,,
2018-04-30,2019-06-07,10-Q,2020,Q1,59242000000.0,80757000000.0,59242000000.0,80757000000.0,29477000000.0,7762000000.0,122690000000.0,5154000000.0,2276000000.0,78324000000.0,8150000000.0,2854722137.0,,22500500000.0,37239000000.0,1.3631713986698626,0.7335834664487288,0.018550819137664033,0.03841868944330036,,0.13757131764626448
2018-04-30,2019-09-06,10-Q,2020,Q2,,,,,,,,,2276000000.0,78324000000.0,,2844284080.0,,,,,,,,,
2018-04-30,2019-12-04,10-Q,2020,Q3,,,,,,,,,2276000000.0,78324000000.0,,2837174936.0,,,,,,,,,
2018-04-30,2020-03-20,10-K,2020,FY,,,,,,,122690000000.0,,2276000000.0,,,2832277220.0,,,,,,0.018550819137664033,,,
2018-05-31,2018-06-04,10-Q,2019,Q1,,,,,,,,,,,,2950844393.0,,,,,,,,,
2018-07-31,2018-09-06,10-Q,2019,Q2,66370000000.0,71683000000.0,66370000000.0,71683000000.0,44958000000.0,444000000.0,127059000000.0,5750000000.0,-727000000.0,73812000000.0,15862000000.0,2928734576.0,,22923000000.0,45402000000.0,1.0800512279644419,0.9258820082864836,-0.0057217513123824365,-0.010953744161518758,,0.23899352116920294
2018-07-31,2019-03-28,10-K,2019,FY,,,,,,,128028000000.0,,-727000000.0,,,2869684230.0,,,,,,-0.0056784453400818575,,,
2018-07-31,2019-09-06,10-Q,2020,Q2,66370000000.0,71683000000.0,66370000000.0,71683000000.0,44958000000.0,444000000.0,128028000000.0,5750000000.0,-727000000.0,73812000000.0,15862000000.0,2844284080.0,,22923000000.0,45402000000.0,1.0800512279644419,0.9258820082864836,-0.0056784453400818575,-0.010953744161518758,,0.23899352116920294
2018-07-31,2019-12-04,10-Q,2020,Q3,,,,,,,,,-727000000.0,73812000000.0,,2837174936.0,,,,,,,,,
2018-07-31,2020-03-20,10-K,2020,FY,,,,,,,128028000000.0,,-727000000.0,,,2832277220.0,,,,,,-0.0056784453400818575,,,
2018-09-04,2018-09-06,10-Q,2019,Q2,,,,,,,,,,,,2928734576.0,,,,,,,,,
2018-10-31,2018-11-30,10-Q,2019,Q3,69446000000.0,85751000000.0,69446000000.0,85751000000.0,43275000000.0,7795000000.0,124894000000.0,4986000000.0,1817000000.0,79469000000.0,9204000000.0,2905260059.0,,29432500000.0,51070000000.0,1.2347867407770066,0.809856444822801,0.014548336989767322,0.026164213921608157,,0.13253463122426057
2018-10-31,2019-03-28,10-K,2019,FY,,,,,,,124894000000.0,,1817000000.0,,,2869684230.0,,,,,,0.014548336989767322,,,
2018-10-31,2019-12-04,10-Q,2020,Q3,69446000000.0,85751000000.0,69446000000.0,85751000000.0,43275000000.0,7795000000.0,124894000000.0,4986000000.0,1817000000.0,79469000000.0,9204000000.0,2837174936.0,,29432500000.0,51070000000.0,1.2347867407770066,0.809856444822801,0.014548336989767322,0.026164213921608157,,0.13253463122426057
2018-10-31,2020-03-20,10-K,2020,FY,,,,,,,124894000000.0,,1817000000.0,,,2832277220.0,,,,,,0.014548336989767322,,,
2018-11-28,2018-11-30,10-Q,2019,Q3,,,,,,,,,,,,2905260059.0,,,,,,,,,
2019-01-31,2019-03-28,10-K,2019,FY,61897000000.0,77477000000.0,61897000000.0,77477000000.0,43520000000.0,5225000000.0,138793000000.0,21957000000.0,3813000000.0,79634000000.0,7756000000.0,2869684230.0,,26985000000.0,48745000000.0,1.2517084834483092,0.7989080630380629,0.02747256706029843,0.06160233937024411,,0.1253049420811994
2019-01-31,2019-06-07,10-Q,2020,Q1,61897000000.0,77477000000.0,61897000000.0,77477000000.0,43520000000.0,5225000000.0,,,,79634000000.0,7756000000.0,2854722137.0,,26985000000.0,48745000000.0,1.2517084834483092,0.7989080630380629,,,,0.1253049420811994
2019-01-31,2019-09-06,10-Q,2020,Q2,61897000000.0,77477000000.0,61897000000.0,77477000000.0,43520000000.0,5225000000.0,,,,79634000000.0,7756000000.0,2844284080.0,,26985000000.0,48745000000.0,1.2517084834483092,0.7989080630380629,,,,0.1253049420811994
2019-01-31,2019-12-04,10-Q,2020,Q3,61897000000.0,77477000000.0,61897000000.0,77477000000.0,43520000000.0,5225000000.0,,,,79634000000.0,7756000000.0,2837174936.0,,26985000000.0,48745000000.0,1.2517084834483092,0.7989080630380629,,,,0.1253049420811994
2019-01-31,2020-03-20,10-K,2020,FY,61897000000.0,77477000000.0,61897000000.0,77477000000.0,43520000000.0,5225000000.0,138793000000.0,21957000000.0,3813000000.0,79634000000.0,7756000000.0,2832277220.0,,26985000000.0,48745000000.0,1.2517084834483092,0.7989080630380629,0.02747256706029843,0.06160233937024411,,0.1253049420811994
2019-01-31,2020-06-03,10-Q,2021,Q1,,,,,,,,,,79634000000.0,7756000000.0,2831953450.0,,,,,,,,,
2019-01-31,2020-09-02,10-Q,2021,Q2,,,,,,,,,,79634000000.0,7756000000.0,2833752938.0,,,,,,,,,
2019-01-31,2020-12-02,10-Q,2021,Q3,,,,,,,,,,79634000000.0,7756000000.0,2829285926.0,,,,,,,,,
2019-01-31,2021-03-19,10-K,2021,FY,219295000000.0,,,,,,514405000000.0,21957000000.0,7179000000.0,79634000000.0,7756000000.0,2817071695.0,,,,,,0.013955929666313508,0.03273672450352265,,0.03536788344467498
2019-01-31,2022-03-18,10-K,2022,FY,,,,,,,,,,79634000000.0,7756000000.0,2751779629.0,,,,,,,,,
2019-03-26,2019-03-28,10-K,2019,FY,,,,,,,,,,,,2869684230.0,,,,,,,,,
2019-04-30,2019-06-07,10-Q,2020,Q1,61739000000.0,79888000000.0,61739000000.0,79888000000.0,47425000000.0,4828000000.0,123925000000.0,4945000000.0,3906000000.0,74910000000.0,9292000000.0,2854722137.0,,28540500000.0,52253000000.0,1.2939632971055572,0.7728194472261166,0.03151906394996974,0.06326633084436094,,0.15050454331945773
2019-04-30,2019-09-06,10-Q,2020,Q2,,,,,,,,,3906000000.0,74910000000.0,,2844284080.0,,,,,,,,,
2019-04-30,2019-12-04,10-Q,2020,Q3,,,,,,,,,3906000000.0,74910000000.0,,2837174936.0,,,,,,,,,
2019-04-30,2020-03-20,10-K,2020,FY,,,,,,,123925000000.0,,3906000000.0,,,2832277220.0,,,,,,0.03151906394996974,,,
2019-04-30,2020-06-03,10-Q,2021,Q1,61739000000.0,79888000000.0,61739000000.0,79888000000.0,47425000000.0,4828000000.0,123925000000.0,4945000000.0,3906000000.0,74910000000.0,9292000000.0,2831953450.0,,28540500000.0,52253000000.0,1.2939632971055572,0.7728194472261166,0.03151906394996974,0.06326633084436094,,0.15050454331945773
2019-04-30,2020-09-02,10-Q,2021,Q2,,,,,,,,,3906000000.0,74910000000.0,,2833752938.0,,,,,,,,,
2019-04-30,2020-12-02,10-Q,2021,Q3,,,,,,,,,3906000000.0,74910000000.0,,2829285926.0,,,,,,,,,
2019-06-05,2019-06-07,10-Q,2020,Q1,,,,,,,,,,,,2854722137.0,,,,,,,,,
2019-07-31,2019-09-06,10-Q,2020,Q2,61371000000.0,80283000000.0,61371000000.0,80283000000.0,44404000000.0,3681000000.0,130377000000.0,5583000000.0,3680000000.0,77131000000.0,9320000000.0,2844284080.0,,25883000000.0,48085000000.0,1.3081585765263724,0.764433317140615,0.02822583737929236,0.05996317478939564,,0.15186325789053462
2019-07-31,2019-12-04,10-Q,2020,Q3,,,,,,,,,3680000000.0,77131000000.0,,2837174936.0,,,,,,,,,
2019-07-31,2020-03-20,10-K,2020,FY,,,,,,,130377000000.0,,3680000000.0,,,2832277220.0,,,,,,0.02822583737929236,,,
2019-07-31,2020-09-02,10-Q,2021,Q2,61371000000.0,80283000000.0,61371000000.0,80283000000.0,44404000000.0,3681000000.0,130377000000.0,5583000000.0,3680000000.0,77131000000.0,9320000000.0,2833752938.0,,25883000000.0,48085000000.0,1.3081585765263724,0.764433317140615,0.02822583737929236,0.05996317478939564,,0.15186325789053462
2019-07-31,2020-12-02,10-Q,2021,Q3,,,,,,,,,3680000000.0,77131000000.0,,2829285926.0,,,,,,,,,
2019-09-04,2019-09-06,10-Q,2020,Q2,,,,,,,,,,,,2844284080.0,,,,,,,,,
2019-10-31,2019-12-04,10-Q,2020,Q3,67912000000.0,83784000000.0,67912000000.0,83784000000.0,44912000000.0,4926000000.0,127991000000.0,4718000000.0,3321000000.0,78307000000.0,8631000000.0,2837174936.0,,27382000000.0,49838000000.0,1.2337142184002827,0.8105604888761577,0.02594713690806385,0.04890151961361762,,0.12709094121804687
2019-10-31,2020-03-20,10-K,2020,FY,,,,,,,127991000000.0,,3321000000.0,,,2832277220.0,,,,,,0.02594713690806385,,,
2019-10-31,2020-12-02,10-Q,2021,Q3,67912000000.0,83784000000.0,67912000000.0,83784000000.0,44912000000.0,4926000000.0,127991000000.0,4718000000.0,3321000000.0,78307000000.0,8631000000.0,2829285926.0,,27382000000.0,49838000000.0,1.2337142184002827,0.8105604888761577,0.02594713690806385,0.04890151961361762,,0.12709094121804687
2019-12-02,2019-12-04,10-Q,2020,Q3,,,,,,,,,,,,2837174936.0,,,,,,,,,
2020-01-31,2020-03-20,10-K,2020,FY,61806000000.0,77790000000.0,61806000000.0,77790000000.0,43714000000.0,575000000.0,141671000000.0,20568000000.0,4294000000.0,81552000000.0,9515000000.0,2832277220.0,,22432000000.0,44289000000.0,1.2586156683817105,0.7945237177015041,0.03030966111624821,0.06947545545739896,,0.15394945474549396
2020-01-31,2020-06-03,10-Q,2021,Q1,61806000000.0,77790000000.0,61806000000.0,77790000000.0,43714000000.0,575000000.0,,,,81552000000.0,9514000000.0,2831953450.0,,22432000000.0,44289000000.0,1.2586156683817105,0.7945237177015041,,,,0.15393327508656118
2020-01-31,2020-09-02,10-Q,2021,Q2,61806000000.0,77790000000.0,61806000000.0,77790000000.0,43714000000.0,575000000.0,,,,81552000000.0,9515000000.0,2833752938.0,,22432000000.0,44289000000.0,1.2586156683817105,0.7945237177015041,,,,0.15394945474549396
2020-01-31,2020-12-02,10-Q,2021,Q3,61806000000.0,77790000000.0,61806000000.0,77790000000.0,43714000000.0,575000000.0,,,,81552000000.0,9515000000.0,2829285926.0,,22432000000.0,44289000000.0,1.2586156683817105,0.7945237177015041,,,,0.15394945474549396
2020-01-31,2021-03-19,10-K,2021,FY,61806000000.0,77790000000.0,61806000000.0,77790000000.0,43714000000.0,575000000.0,523964000000.0,20568000000.0,15201000000.0,81552000000.0,9515000000.0,2817071695.0,,22432000000.0,44289000000.0,1.2586156683817105,0.7945237177015041,0.029011535143635823,0.24594699543733617,,0.15394945474549396
2020-01-31,2021-06-04,10-Q,2022,Q1,,,,,,,,,,81552000000.0,,2802145927.0,,,,,,,,,
2020-01-31,2021-09-02,10-Q,2022,Q2,,,,,,,,,,81552000000.0,,2788497816.0,,,,,,,,,
2020-01-31,2021-12-01,10-Q,2022,Q3,,,,,,,,,,81552000000.0,,2773878458.0,,,,,,,,,
2020-01-31,2022-03-18,10-K,2022,FY,236495000000.0,,,,,,523964000000.0,20568000000.0,15201000000.0,81552000000.0,9515000000.0,2751779629.0,,,,,,0.029011535143635823,0.06427620034250195,,0.0402334087401425
2020-01-31,2023-03-17,10-K,2023,FY,,,,,,,,,,81552000000.0,9515000000.0,2695655933.0,,,,,,,,,
2020-03-18,2020-03-20,10-K,2020,FY,,,,,,,,,,,,2832277220.0,,,,,,,,,
2020-04-30,2020-06-03,10-Q,2021,Q1,63328000000.0,82647000000.0,63328000000.0,82647000000.0,43006000000.0,4048000000.0,134622000000.0,5224000000.0,4074000000.0,74110000000.0,14985000000.0,2831953450.0,,25551000000.0,47054000000.0,1.305062531581607,0.7662468087165898,0.030262512813656016,0.06433173319858515,,0.23662518948964123
2020-04-30,2020-09-02,10-Q,2021,Q2,,,,,,,,,4074000000.0,74110000000.0,,2833752938.0,,,,,,,,,
2020-04-30,2020-12-02,10-Q,2021,Q3,,,,,,,,,4074000000.0,74110000000.0,,2829285926.0,,,,,,,,,
2020-04-30,2021-06-04,10-Q,2022,Q1,63328000000.0,82647000000.0,63328000000.0,82647000000.0,43006000000.0,4048000000.0,134622000000.0,5224000000.0,4074000000.0,74110000000.0,14930000000.0,2802145927.0,,25551000000.0,47054000000.0,1.305062531581607,0.7662468087165898,0.030262512813656016,0.06433173319858515,,0.2357566953006569
2020-04-30,2021-09-02,10-Q,2022,Q2,,,,,,,,,4074000000.0,74110000000.0,,2788497816.0,,,,,,,,,
2020-04-30,2021-12-01,10-Q,2022,Q3,,,,,,,,,4074000000.0,74110000000.0,,2773878458.0,,,,,,,,,
2020-06-01,2020-06-03,10-Q,2021,Q1,,,,,,,,,,,,2831953450.0,,,,,,,,,
2020-07-31,2020-09-02,10-Q,2021,Q2,64996000000.0,81957000000.0,64996000000.0,81957000000.0,40959000000.0,357000000.0,137742000000.0,6059000000.0,6439000000.0,81197000000.0,16954000000.0,2833752938.0,,20836500000.0,41316000000.0,1.260954520278171,0.7930500140317484,0.046746816512029735,0.09906763493138039,,0.26084682134285186
2020-07-31,2020-12-02,10-Q,2021,Q3,,,,,,,,,6439000000.0,81197000000.0,,2829285926.0,,,,,,,,,
2020-07-31,2021-09-02,10-Q,2022,Q2,64996000000.0,81957000000.0,64996000000.0,81957000000.0,40959000000.0,357000000.0,137742000000.0,6059000000.0,6439000000.0,81197000000.0,16906000000.0,2788497816.0,,20836500000.0,41316000000.0,1.260954520278171,0.7930500140317484,0.046746816512029735,0.09906763493138039,,0.2601083143578066
2020-07-31,2021-12-01,10-Q,2022,Q3,,,,,,,,,6439000000.0,81197000000.0,,2773878458.0,,,,,,,,,
2020-08-31,2020-09-02,10-Q,2021,Q2,,,,,,,,,,,,2833752938.0,,,,,,,,,
2020-10-31,2020-12-02,10-Q,2021,Q3,73602000000.0,88121000000.0,73602000000.0,88121000000.0,40849000000.0,240000000.0,134708000000.0,5778000000.0,5201000000.0,87504000000.0,14378000000.0,2829285926.0,,20664500000.0,41089000000.0,1.1972636613135512,0.83523791150804,0.03860943670754521,0.0706638406565039,,0.19534795250129072
2020-10-31,2021-12-01,10-Q,2022,Q3,73602000000.0,88121000000.0,73602000000.0,88121000000.0,40849000000.0,240000000.0,134708000000.0,5778000000.0,5201000000.0,87504000000.0,14325000000.0,2773878458.0,,20664500000.0,41089000000.0,1.1972636613135512,0.83523791150804,0.03860943670754521,0.0706638406565039,,0.1946278633732779
2020-11-30,2020-12-02,10-Q,2021,Q3,,,,,,,,,,,,2829285926.0,,,,,,,,,
2021-01-31,2021-03-19,10-K,2021,FY,90067000000.0,92645000000.0,90067000000.0,92645000000.0,41194000000.0,224000000.0,559151000000.0,22548000000.0,13706000000.0,87531000000.0,17788000000.0,2817071695.0,,20821000000.0,41418000000.0,1.0286231361097848,0.9721733498839656,0.02451216218874687,0.15217560260694815,,0.1974974185883842
2021-01-31,2021-06-04,10-Q,2022,Q1,90067000000.0,92645000000.0,90067000000.0,92645000000.0,41194000000.0,224000000.0,,,,87531000000.0,17741000000.0,2802145927.0,,20821000000.0,41418000000.0,1.0286231361097848,0.9721733498839656,,,,0.1969755848423951
2021-01-31,2021-09-02,10-Q,2022,Q2,90067000000.0,92645000000.0,90067000000.0,92645000000.0,41194000000.0,224000000.0,,,,87531000000.0,17741000000.0,2788497816.0,,20821000000.0,41418000000.0,1.0286231361097848,0.9721733498839656,,,,0.1969755848423951
2021-01-31,2021-12-01,10-Q,2022,Q3,90067000000.0,92645000000.0,90067000000.0,92645000000.0,41194000000.0,224000000.0,,,,87531000000.0,17741000000.0,2773878458.0,,20821000000.0,41418000000.0,1.0286231361097848,0.9721733498839656,,,,0.1969755848423951
2021-01-31,2022-03-18,10-K,2022,FY,90067000000.0,92645000000.0,90067000000.0,92645000000.0,41194000000.0,224000000.0,559151000000.0,22548000000.0,13706000000.0,87531000000.0,17788000000.0,2751779629.0,,20821000000.0,41418000000.0,1.0286231361097848,0.9721733498839656,0.02451216218874687,0.15217560260694815,,0.1974974185883842
2021-01-31,2022-06-03,10-Q,2023,Q1,,,,,,,,,,87531000000.0,17788000000.0,2741150050.0,,,,,,,,,
2021-01-31,2022-09-02,10-Q,2023,Q2,,,,,,,,,,87531000000.0,17788000000.0,2714237937.0,,,,,,,,,
2021-01-31,2022-12-01,10-Q,2023,Q3,,,,,,,,,,87531000000.0,17788000000.0,2696800054.0,,,,,,,,,
2021-01-31,2023-03-17,10-K,2023,FY,252496000000.0,,,,,,559151000000.0,22548000000.0,13706000000.0,87531000000.0,17788000000.0,2695655933.0,,,,,,0.02451216218874687,0.05428204803244408,,0.07044864077054686
2021-01-31,2024-03-15,10-K,2024,FY,,,,,,,,,,87531000000.0,17788000000.0,8058048674.0,,,,,,,,,
2021-03-17,2021-03-19,10-K,2021,FY,,,,,,,,,,,,2817071695.0,,,,,,,,,
2021-04-30,2021-06-04,10-Q,2022,Q1,76591000000.0,80841000000.0,76591000000.0,80841000000.0,40273000000.0,362000000.0,138310000000.0,6909000000.0,2811000000.0,84592000000.0,22846000000.0,2802145927.0,,20498500000.0,40635000000.0,1.055489548380358,0.9474276666542967,0.020323910057118068,0.03670144011698503,,0.29828569936415505
2021-04-30,2021-09-02,10-Q,2022,Q2,,,,,,,,,2811000000.0,84592000000.0,,2788497816.0,,,,,,,,,
2021-04-30,2021-12-01,10-Q,2022,Q3,,,,,,,,,2811000000.0,84592000000.0,,2773878458.0,,,,,,,,,
2021-04-30,2022-06-03,10-Q,2023,Q1,76591000000.0,80841000000.0,76591000000.0,80841000000.0,40273000000.0,362000000.0,138310000000.0,6909000000.0,2811000000.0,84592000000.0,22894000000.0,2741150050.0,,20498500000.0,40635000000.0,1.055489548380358,0.9474276666542967,0.020323910057118068,0.03670144011698503,,0.298912404851745
2021-04-30,2022-09-02,10-Q,2023,Q2,,,,,,,,,2811000000.0,84592000000.0,,2714237937.0,,,,,,,,,
2021-04-30,2022-12-01,10-Q,2023,Q3,,,,,,,,,2811000000.0,84592000000.0,,2696800054.0,,,,,,,,,
2021-06-02,2021-06-04,10-Q,2022,Q1,,,,,,,,,,,,2802145927.0,,,,,,,,,
2021-07-31,2021-09-02,10-Q,2022,Q2,78243000000.0,81122000000.0,78243000000.0,81122000000.0,39581000000.0,671000000.0,141048000000.0,7354000000.0,4364000000.0,87127000000.0,22831000000.0,2788497816.0,,20461500000.0,40252000000.0,1.036795623889677,0.9645102438302803,0.030939821904599853,0.05577495750418568,,0.29179607121403833
2021-07-31,2021-12-01,10-Q,2022,Q3,,,,,,,,,4364000000.0,87127000000.0,,2773878458.0,,,,,,,,,
2021-07-31,2022-09-02,10-Q,2023,Q2,78243000000.0,81122000000.0,78243000000.0,81122000000.0,39581000000.0,671000000.0,141048000000.0,7354000000.0,4364000000.0,87127000000.0,22881000000.0,2714237937.0,,20461500000.0,40252000000.0,1.036795623889677,0.9645102438302803,0.030939821904599853,0.05577495750418568,,0.29243510601587364
2021-07-31,2022-12-01,10-Q,2023,Q3,,,,,,,,,4364000000.0,87127000000.0,,2696800054.0,,,,,,,,,
2021-08-31,2021-09-02,10-Q,2022,Q2,,,,,,,,,,,,2788497816.0,,,,,,,,,
2021-10-31,2021-12-01,10-Q,2022,Q3,82964000000.0,87620000000.0,82964000000.0,87620000000.0,36425000000.0,447000000.0,140525000000.0,5792000000.0,3132000000.0,90757000000.0,16111000000.0,2773878458.0,,18659500000.0,36872000000.0,1.0561207270623403,0.9468614471581831,0.022287849137164206,0.037751313822862925,,0.19419266187744083
2021-10-31,2022-12-01,10-Q,2023,Q3,82964000000.0,87620000000.0,82964000000.0,87620000000.0,36425000000.0,447000000.0,140525000000.0,5792000000.0,3132000000.0,90757000000.0,16166000000.0,2696800054.0,,18659500000.0,36872000000.0,1.0561207270623403,0.9468614471581831,0.022287849137164206,0.037751313822862925,,0.19485560001928548
2021-11-29,2021-12-01,10-Q,2022,Q3,,,,,,,,,,,,2773878458.0,,,,,,,,,
2022-01-31,2022-03-18,10-K,2022,FY,81070000000.0,87379000000.0,81070000000.0,87379000000.0,34864000000.0,410000000.0,572754000000.0,25942000000.0,13940000000.0,91891000000.0,14834000000.0,2751779629.0,,17842000000.0,35274000000.0,1.0778216356235353,0.9277972968333352,0.024338546740834636,0.1719501665227581,,0.1829776736153941
2022-01-31,2022-06-03,10-Q,2023,Q1,81070000000.0,87379000000.0,81070000000.0,87379000000.0,34864000000.0,410000000.0,,,,91891000000.0,14834000000.0,2741150050.0,,17842000000.0,35274000000.0,1.0778216356235353,0.9277972968333352,,,,0.1829776736153941
2022-01-31,2022-09-02,10-Q,2023,Q2,81070000000.0,87379000000.0,81070000000.0,87379000000.0,34864000000.0,410000000.0,,,,91891000000.0,14834000000.0,2714237937.0,,17842000000.0,35274000000.0,1.0778216356235353,0.9277972968333352,,,,0.1829776736153941
2022-01-31,2022-12-01,10-Q,2023,Q3,81070000000.0,87379000000.0,81070000000.0,87379000000.0,34864000000.0,410000000.0,,,,91891000000.0,14834000000.0,2696800054.0,,17842000000.0,35274000000.0,1.0778216356235353,0.9277972968333352,,,,0.1829776736153941
2022-01-31,2023-03-17,10-K,2023,FY,81070000000.0,87379000000.0,81070000000.0,87379000000.0,34864000000.0,410000000.0,572754000000.0,25942000000.0,13940000000.0,91891000000.0,14834000000.0,2695655933.0,,17842000000.0,35274000000.0,1.0778216356235353,0.9277972968333352,0.024338546740834636,0.1719501665227581,,0.1829776736153941
2022-01-31,2023-06-02,10-Q,2024,Q1,,,,,,,,,,91891000000.0,14834000000.0,2692835112.0,,,,,,,,,
2022-01-31,2023-09-01,10-Q,2024,Q2,,,,,,,,,,91891000000.0,14834000000.0,2691563850.0,,,,,,,,,
2022-01-31,2023-11-30,10-Q,2024,Q3,,,,,,,,,,91891000000.0,14834000000.0,2692233703.0,,,,,,,,,
2022-01-31,2024-03-15,10-K,2024,FY,244860000000.0,,,,,,572754000000.0,25942000000.0,13940000000.0,91891000000.0,14834000000.0,8058048674.0,,,,,,0.024338546740834636,0.056930490892755044,,0.0605815568079719
2022-01-31,2025-03-14,10-K,2025,FY,,,,,,,,,,91891000000.0,14834000000.0,8016849444.0,,,,,,,,,
2022-03-16,2022-03-18,10-K,2022,FY,,,,,,,,,,,,2751779629.0,,,,,,,,,
2022-04-30,2022-06-03,10-Q,2023,Q1,83220000000.0,96530000000.0,83220000000.0,96530000000.0,32174000000.0,11432000000.0,141569000000.0,5318000000.0,2103000000.0,85600000000.0,11882000000.0,2741150050.0,,27519000000.0,43606000000.0,1.1599375150204279,0.8621154045374495,0.014854947057618546,0.0252703677000721,,0.14277817832251863
2022-04-30,2022-09-02,10-Q,2023,Q2,,,,,,,,,2103000000.0,85600000000.0,,2714237937.0,,,,,,,,,
2022-04-30,2022-12-01,10-Q,2023,Q3,,,,,,,,,2103000000.0,85600000000.0,,2696800054.0,,,,,,,,,
2022-04-30,2023-06-02,10-Q,2024,Q1,83220000000.0,96530000000.0,83220000000.0,96530000000.0,32174000000.0,11432000000.0,141569000000.0,5318000000.0,2103000000.0,85600000000.0,11882000000.0,2692835112.0,,27519000000.0,43606000000.0,1.1599375150204279,0.8621154045374495,0.014854947057618546,0.0252703677000721,,0.14277817832251863
2022-04-30,2023-09-01,10-Q,2024,Q2,,,,,,,,,2103000000.0,85600000000.0,,2691563850.0,,,,,,,,,
2022-04-30,2023-11-30,10-Q,2024,Q3,,,,,,,,,2103000000.0,85600000000.0,,2692233703.0,,,,,,,,,
2022-06-01,2022-06-03,10-Q,2023,Q1,,,,,,,,,,,,2741150050.0,,,,,,,,,
2022-07-31,2022-09-02,10-Q,2023,Q2,84164000000.0,99899000000.0,84164000000.0,99899000000.0,29801000000.0,10634000000.0,152859000000.0,6854000000.0,5147000000.0,85587000000.0,13990000000.0,2714237937.0,,25534500000.0,40435000000.0,1.1869564184211776,0.8424909158249833,0.03367155352318149,0.06115441281307923,,0.1662230882562616
2022-07-31,2022-12-01,10-Q,2023,Q3,,,,,,,,,5147000000.0,85587000000.0,,2696800054.0,,,,,,,,,
2022-07-31,2023-09-01,10-Q,2024,Q2,84164000000.0,99899000000.0,84164000000.0,99899000000.0,29801000000.0,10634000000.0,152859000000.0,6854000000.0,5147000000.0,85587000000.0,13990000000.0,2691563850.0,,25534500000.0,40435000000.0,1.1869564184211776,0.8424909158249833,0.03367155352318149,0.06115441281307923,,0.1662230882562616
2022-07-31,2023-11-30,10-Q,2024,Q3,,,,,,,,,5147000000.0,85587000000.0,,2692233703.0,,,,,,,,,
2022-08-31,2022-09-02,10-Q,2023,Q2,,,,,,,,,,,,2714237937.0,,,,,,,,,
2022-10-31,2022-12-01,10-Q,2023,Q3,87680000000.0,101408000000.0,87680000000.0,101408000000.0,33935000000.0,6811000000.0,152813000000.0,2695000000.0,-1767000000.0,80123000000.0,11655000000.0,2696800054.0,,23778500000.0,40746000000.0,1.1565693430656934,0.8646260650047334,-0.011563152349603764,-0.020152828467153286,,0.13292655109489052
2022-10-31,2023-11-30,10-Q,2024,Q3,87680000000.0,101408000000.0,87680000000.0,101408000000.0,33935000000.0,6811000000.0,152813000000.0,2695000000.0,-1767000000.0,80123000000.0,11655000000.0,2692233703.0,,23778500000.0,40746000000.0,1.1565693430656934,0.8646260650047334,-0.011563152349603764,-0.020152828467153286,,0.13292655109489052
2022-11-29,2022-12-01,10-Q,2023,Q3,,,,,,,,,,,,2696800054.0,,,,,,,,,
2023-01-31,2023-03-17,10-K,2023,FY,75655000000.0,92198000000.0,75655000000.0,92198000000.0,34649000000.0,372000000.0,611289000000.0,20428000000.0,11292000000.0,83754000000.0,8841000000.0,2695655933.0,,17696500000.0,35021000000.0,1.218663670610006,0.8205709451398078,0.01847244102216791,0.14925649329191726,,0.11685942766505848
2023-01-31,2023-06-02,10-Q,2024,Q1,75655000000.0,92198000000.0,75655000000.0,92198000000.0,34649000000.0,372000000.0,,,,83754000000.0,8841000000.0,2692835112.0,,17696500000.0,35021000000.0,1.218663670610006,0.8205709451398078,,,,0.11685942766505848
2023-01-31,2023-09-01,10-Q,2024,Q2,75655000000.0,92198000000.0,75655000000.0,92198000000.0,34649000000.0,372000000.0,,,,83754000000.0,8841000000.0,2691563850.0,,17696500000.0,35021000000.0,1.218663670610006,0.8205709451398078,,,,0.11685942766505848
2023-01-31,2023-11-30,10-Q,2024,Q3,75655000000.0,92198000000.0,75655000000.0,92198000000.0,34649000000.0,372000000.0,,,,83754000000.0,8841000000.0,2692233703.0,,17696500000.0,35021000000.0,1.218663670610006,0.8205709451398078,,,,0.11685942766505848
2023-01-31,2024-03-15,10-K,2024,FY,75655000000.0,92198000000.0,75655000000.0,92198000000.0,34649000000.0,372000000.0,611289000000.0,20428000000.0,11292000000.0,83754000000.0,8841000000.0,8058048674.0,,17696500000.0,35021000000.0,1.218663670610006,0.8205709451398078,0.01847244102216791,0.14925649329191726,,0.11685942766505848
2023-01-31,2024-06-07,10-Q,2025,Q1,,,,,,,,,,83754000000.0,8841000000.0,8043543330.0,,,,,,,,,
2023-01-31,2024-08-30,10-Q,2025,Q2,,,,,,,,,,83754000000.0,8841000000.0,8038251174.0,,,,,,,,,
2023-01-31,2024-12-06,10-Q,2025,Q3,,,,,,,,,,83754000000.0,8841000000.0,8033386215.0,,,,,,,,,
2023-01-31,2025-03-14,10-K,2025,FY,243197000000.0,,,,,,611289000000.0,20428000000.0,11292000000.0,83754000000.0,8841000000.0,8016849444.0,,,,,,0.01847244102216791,0.046431493809545345,,0.03635324448903564
2023-01-31,2026-03-13,10-K,2026,FY,,,,,,,,,,83754000000.0,8841000000.0,7972402501.0,,,,,,,,,
2023-03-15,2023-03-17,10-K,2023,FY,,,,,,,,,,,,2695655933.0,,,,,,,,,
2023-04-30,2023-06-02,10-Q,2024,Q1,78511000000.0,95505000000.0,78511000000.0,95505000000.0,38120000000.0,1711000000.0,152301000000.0,6240000000.0,1896000000.0,79231000000.0,10708000000.0,2692835112.0,,20771000000.0,39831000000.0,1.2164537453350486,0.822061672163761,0.012449031851399532,0.02414948223815771,,0.13638853154335062
2023-04-30,2023-09-01,10-Q,2024,Q2,,,,,,,,,1896000000.0,79231000000.0,,2691563850.0,,,,,,,,,
2023-04-30,2023-11-30,10-Q,2024,Q3,,,,,,,,,1896000000.0,79231000000.0,,2692233703.0,,,,,,,,,
2023-04-30,2024-06-07,10-Q,2025,Q1,78511000000.0,95505000000.0,78511000000.0,95505000000.0,38120000000.0,1711000000.0,152301000000.0,6240000000.0,1896000000.0,79231000000.0,10708000000.0,8043543330.0,,20771000000.0,39831000000.0,1.2164537453350486,0.822061672163761,0.012449031851399532,0.02414948223815771,,0.13638853154335062
2023-04-30,2024-08-30,10-Q,2025,Q2,,,,,,,,,1896000000.0,79231000000.0,,8038251174.0,,,,,,,,,
2023-04-30,2024-12-06,10-Q,2025,Q3,,,,,,,,,1896000000.0,79231000000.0,,8033386215.0,,,,,,,,,
2023-05-31,2023-06-02,10-Q,2024,Q1,,,,,,,,,,,,2692835112.0,,,,,,,,,
2023-07-31,2023-09-01,10-Q,2024,Q2,82032000000.0,99220000000.0,82032000000.0,99220000000.0,36806000000.0,4546000000.0,161632000000.0,7316000000.0,8053000000.0,85327000000.0,13971000000.0,2691563850.0,,22949000000.0,41352000000.0,1.2095279890774333,0.8267687966135859,0.049823054840625616,0.09816900721669593,,0.17031158572264482
2023-07-31,2023-11-30,10-Q,2024,Q3,,,,,,,,,8053000000.0,85327000000.0,,2692233703.0,,,,,,,,,
2023-07-31,2024-08-30,10-Q,2025,Q2,82032000000.0,99220000000.0,82032000000.0,99220000000.0,36806000000.0,4546000000.0,161632000000.0,7316000000.0,8053000000.0,85327000000.0,13971000000.0,8038251174.0,,22949000000.0,41352000000.0,1.2095279890774333,0.8267687966135859,0.049823054840625616,0.09816900721669593,,0.17031158572264482
2023-07-31,2024-12-06,10-Q,2025,Q3,,,,,,,,,8053000000.0,85327000000.0,,8033386215.0,,,,,,,,,
2023-08-30,2023-09-01,10-Q,2024,Q2,,,,,,,,,,,,2691563850.0,,,,,,,,,
2023-10-31,2023-11-30,10-Q,2024,Q3,88391000000.0,104230000000.0,88391000000.0,104230000000.0,36342000000.0,9942000000.0,160804000000.0,6202000000.0,643000000.0,85583000000.0,12295000000.0,2692233703.0,,28113000000.0,46284000000.0,1.1791924517201977,0.8480379929003166,0.003998656749832094,0.007274496272244912,,0.13909787195528955
2023-10-31,2024-12-06,10-Q,2025,Q3,88391000000.0,104230000000.0,88391000000.0,104230000000.0,36342000000.0,9942000000.0,160804000000.0,6202000000.0,643000000.0,85583000000.0,12295000000.0,8033386215.0,,28113000000.0,46284000000.0,1.1791924517201977,0.8480379929003166,0.003998656749832094,0.007274496272244912,,0.13909787195528955
2023-11-28,2023-11-30,10-Q,2024,Q3,,,,,,,,,,,,2692233703.0,,,,,,,,,
2024-01-31,2024-03-15,10-K,2024,FY,76877000000.0,92415000000.0,76877000000.0,92415000000.0,36132000000.0,878000000.0,648125000000.0,27012000000.0,16270000000.0,90349000000.0,9935000000.0,8058048674.0,,18944000000.0,37010000000.0,1.2021150669250882,0.8318671211383434,0.02510318225650916,0.21163677042548487,,0.129232410213718
2024-01-31,2024-06-07,10-Q,2025,Q1,76877000000.0,92415000000.0,76877000000.0,92415000000.0,36132000000.0,878000000.0,,,,90349000000.0,9935000000.0,8043543330.0,,18944000000.0,37010000000.0,1.2021150669250882,0.8318671211383434,,,,0.129232410213718
2024-01-31,2024-08-30,10-Q,2025,Q2,76877000000.0,92415000000.0,76877000000.0,92415000000.0,36132000000.0,878000000.0,,,,90349000000.0,9935000000.0,8038251174.0,,18944000000.0,37010000000.0,1.2021150669250882,0.8318671211383434,,,,0.129232410213718
2024-01-31,2024-12-06,10-Q,2025,Q3,76877000000.0,92415000000.0,76877000000.0,92415000000.0,36132000000.0,878000000.0,,,,90349000000.0,9935000000.0,8033386215.0,,18944000000.0,37010000000.0,1.2021150669250882,0.8318671211383434,,,,0.129232410213718
2024-01-31,2025-03-14,10-K,2025,FY,76877000000.0,92415000000.0,76877000000.0,92415000000.0,36132000000.0,878000000.0,648125000000.0,27012000000.0,16270000000.0,90349000000.0,9935000000.0,8016849444.0,,18944000000.0,37010000000.0,1.2021150669250882,0.8318671211383434,0.02510318225650916,0.21163677042548487,,0.129232410213718
2024-01-31,2025-06-06,10-Q,2026,Q1,,,,,,,,,,90349000000.0,9935000000.0,7980418164.0,,,,,,,,,
2024-01-31,2025-08-29,10-Q,2026,Q2,,,,,,,,,,90349000000.0,9935000000.0,7972851122.0,,,,,,,,,
2024-01-31,2025-12-03,10-Q,2026,Q3,,,,,,,,,,90349000000.0,9935000000.0,7970166964.0,,,,,,,,,
2024-01-31,2026-03-13,10-K,2026,FY,252399000000.0,,,,,,648125000000.0,27012000000.0,16270000000.0,90349000000.0,9935000000.0,7972402501.0,,,,,,0.02510318225650916,0.06446142813561068,,0.039362279565291466
2024-03-13,2024-03-15,10-K,2024,FY,,,,,,,,,,,,8058048674.0,,,,,,,,,
2024-04-30,2024-06-07,10-Q,2025,Q1,77152000000.0,96100000000.0,77152000000.0,96100000000.0,35928000000.0,5457000000.0,161508000000.0,6841000000.0,5307000000.0,88073000000.0,9460000000.0,8043543330.0,,23421000000.0,41385000000.0,1.2455931148900872,0.8028303850156088,0.03285905342150234,0.06878629199502281,,0.12261509746992949
2024-04-30,2024-08-30,10-Q,2025,Q2,,,,,,,,,,88073000000.0,,8038251174.0,,,,,,,,,
2024-04-30,2024-12-06,10-Q,2025,Q3,,,,,,,,,,88073000000.0,,8033386215.0,,,,,,,,,
2024-04-30,2025-06-06,10-Q,2026,Q1,77152000000.0,96100000000.0,77152000000.0,96100000000.0,35928000000.0,5457000000.0,161508000000.0,6841000000.0,5307000000.0,88073000000.0,9460000000.0,7980418164.0,,23421000000.0,41385000000.0,1.2455931148900872,0.8028303850156088,0.03285905342150234,0.06878629199502281,,0.12261509746992949
2024-04-30,2025-08-29,10-Q,2026,Q2,,,,,,,,,,88073000000.0,,7972851122.0,,,,,,,,,
2024-04-30,2025-12-03,10-Q,2026,Q3,,,,,,,,,,88073000000.0,,7970166964.0,,,,,,,,,
2024-06-05,2024-06-07,10-Q,2025,Q1,,,,,,,,,,,,8043543330.0,,,,,,,,,
2024-07-31,2024-08-30,10-Q,2025,Q2,76510000000.0,95260000000.0,76510000000.0,95260000000.0,35364000000.0,3195000000.0,169335000000.0,7940000000.0,4711000000.0,90565000000.0,8879000000.0,8038251174.0,,20877000000.0,38559000000.0,1.2450660044438635,0.8031702708377073,0.027820592317004754,0.061573650503202196,,0.11605018951771011
2024-07-31,2024-12-06,10-Q,2025,Q3,,,,,,,,,,90565000000.0,,8033386215.0,,,,,,,,,
2024-07-31,2025-08-29,10-Q,2026,Q2,76510000000.0,95260000000.0,76510000000.0,95260000000.0,35364000000.0,3195000000.0,169335000000.0,7940000000.0,4711000000.0,90565000000.0,8879000000.0,7972851122.0,,20877000000.0,38559000000.0,1.2450660044438635,0.8031702708377073,0.027820592317004754,0.061573650503202196,,0.11605018951771011
2024-07-31,2025-12-03,10-Q,2026,Q3,,,,,,,,,,90565000000.0,,7970166964.0,,,,,,,,,
2024-08-28,2024-08-30,10-Q,2025,Q2,,,,,,,,,,,,8038251174.0,,,,,,,,,
2024-10-31,2024-12-06,10-Q,2025,Q3,86938000000.0,102558000000.0,86938000000.0,102558000000.0,33645000000.0,3579000000.0,169588000000.0,6708000000.0,4714000000.0,94276000000.0,10168000000.0,8033386215.0,,20401500000.0,37224000000.0,1.1796682693413698,0.8476959379083056,0.027796778073920326,0.054222549403022846,,0.11695691182221814
2024-10-31,2025-12-03,10-Q,2026,Q3,86938000000.0,102558000000.0,86938000000.0,102558000000.0,33645000000.0,3579000000.0,169588000000.0,6708000000.0,4714000000.0,94276000000.0,10168000000.0,7970166964.0,,20401500000.0,37224000000.0,1.1796682693413698,0.8476959379083056,0.027796778073920326,0.054222549403022846,,0.11695691182221814
2024-12-04,2024-12-06,10-Q,2025,Q3,,,,,,,,,,,,8033386215.0,,,,,,,,,
2025-01-31,2025-03-14,10-K,2025,FY,79458000000.0,96584000000.0,79458000000.0,96584000000.0,33401000000.0,3068000000.0,680985000000.0,29348000000.0,20157000000.0,97421000000.0,9536000000.0,8016849444.0,,19768500000.0,36469000000.0,1.2155352513277455,0.8226828460200447,0.029599770920064317,0.25368119006267464,,0.1200130886757784
2025-01-31,2025-06-06,10-Q,2026,Q1,79458000000.0,96584000000.0,79458000000.0,96584000000.0,33401000000.0,3068000000.0,,,,97421000000.0,9536000000.0,7980418164.0,,19768500000.0,36469000000.0,1.2155352513277455,0.8226828460200447,,,,0.1200130886757784
2025-01-31,2025-08-29,10-Q,2026,Q2,79458000000.0,96584000000.0,79458000000.0,96584000000.0,33401000000.0,3068000000.0,,,,97421000000.0,9536000000.0,7972851122.0,,19768500000.0,36469000000.0,1.2155352513277455,0.8226828460200447,,,,0.1200130886757784
2025-01-31,2025-12-03,10-Q,2026,Q3,79458000000.0,96584000000.0,79458000000.0,96584000000.0,33401000000.0,3068000000.0,,,,97421000000.0,9536000000.0,7970166964.0,,19768500000.0,36469000000.0,1.2155352513277455,0.8226828460200447,,,,0.1200130886757784
2025-01-31,2026-03-13,10-K,2026,FY,79458000000.0,96584000000.0,79458000000.0,96584000000.0,33401000000.0,3068000000.0,680985000000.0,29348000000.0,20157000000.0,97421000000.0,9536000000.0,7972402501.0,,19768500000.0,36469000000.0,1.2155352513277455,0.8226828460200447,0.029599770920064317,0.25368119006267464,,0.1200130886757784
2025-01-31,2026-05-29,10-Q,2027,Q1,,,,,,,,,,97421000000.0,9536000000.0,7958079155.0,,,,,,,,,
2025-03-12,2025-03-14,10-K,2025,FY,,,,,,,,,,,,8016849444.0,,,,,,,,,
2025-04-30,2025-06-06,10-Q,2026,Q1,80253000000.0,102920000000.0,80253000000.0,102920000000.0,36520000000.0,5595000000.0,165609000000.0,7135000000.0,4639000000.0,90341000000.0,9932000000.0,7980418164.0,,23855000000.0,42115000000.0,1.2824442699961371,0.7797609794014769,0.02801176264574993,0.057804692659464446,,0.1237586133851694
2025-04-30,2025-08-29,10-Q,2026,Q2,,,,,,,,,,90341000000.0,,7972851122.0,,,,,,,,,
2025-04-30,2025-12-03,10-Q,2026,Q3,,,,,,,,,,90341000000.0,,7970166964.0,,,,,,,,,
2025-04-30,2026-05-29,10-Q,2027,Q1,80253000000.0,102920000000.0,80253000000.0,102920000000.0,36520000000.0,5595000000.0,165609000000.0,7135000000.0,4639000000.0,90341000000.0,9932000000.0,7958079155.0,,23855000000.0,42115000000.0,1.2824442699961371,0.7797609794014769,0.02801176264574993,0.057804692659464446,,0.1237586133851694
2025-06-04,2025-06-06,10-Q,2026,Q1,,,,,,,,,,,,7980418164.0,,,,,,,,,
2025-07-31,2025-08-29,10-Q,2026,Q2,82033000000.0,103566000000.0,82033000000.0,103566000000.0,35640000000.0,3837000000.0,177402000000.0,7286000000.0,7151000000.0,96550000000.0,9877000000.0,7972851122.0,,21657000000.0,39477000000.0,1.2624919239818122,0.7920842747619875,0.040309579373400524,0.08717223556373654,,0.12040276474101885
2025-07-31,2025-12-03,10-Q,2026,Q3,,,,,,,,,,96550000000.0,,7970166964.0,,,,,,,,,
2025-08-27,2025-08-29,10-Q,2026,Q2,,,,,,,,,,,,7972851122.0,,,,,,,,,
2025-10-31,2025-12-03,10-Q,2026,Q3,92920000000.0,115732000000.0,92920000000.0,115732000000.0,34445000000.0,8401000000.0,179496000000.0,6696000000.0,6088000000.0,102206000000.0,11097000000.0,7970166964.0,,25623500000.0,42846000000.0,1.2455015066724064,0.8028894342100715,0.03391719035521683,0.06551872578562204,,0.11942531209642704
2025-12-02,2025-12-03,10-Q,2026,Q3,,,,,,,,,,,,7970166964.0,,,,,,,,,
2026-01-31,2026-03-13,10-K,2026,FY,84874000000.0,107469000000.0,84874000000.0,107469000000.0,34624000000.0,6596000000.0,713163000000.0,29825000000.0,22270000000.0,105887000000.0,11321000000.0,7972402501.0,,23908000000.0,41220000000.0,1.266218158682282,0.7897533242144247,0.031227082728632866,0.2623889530362655,,0.133385960364776
2026-01-31,2026-05-29,10-Q,2027,Q1,84874000000.0,107469000000.0,84874000000.0,107469000000.0,34624000000.0,6596000000.0,,,,105887000000.0,11321000000.0,7958079155.0,,23908000000.0,41220000000.0,1.266218158682282,0.7897533242144247,,,,0.133385960364776
2026-03-11,2026-03-13,10-K,2026,FY,,,,,,,,,,,,7972402501.0,,,,,,,,,
2026-04-30,2026-05-29,10-Q,2027,Q1,88394000000.0,114583000000.0,88394000000.0,114583000000.0,36887000000.0,10673000000.0,177751000000.0,7493000000.0,5490000000.0,100682000000.0,11319000000.0,7958079155.0,,29116500000.0,47560000000.0,1.2962757653234382,0.7714407896459335,0.030885902189017222,0.06210828789284341,,0.12805167771568207
2026-05-27,2026-05-29,10-Q,2027,Q1,,,,,,,,,,,,7958079155.0,,,,,,,,,
