trading_date,open,high,low,close,volume,adj_close,daily_return,equity_vol_252d,dgs1,dgs10,filed,form,fiscal_year,fiscal_period,assets,liabilities,current_assets,current_liabilities,long_term_debt,current_debt,revenue,operating_income,net_income,stockholders_equity,cash,shares_outstanding,interest_expense,default_point_proxy,total_debt_proxy,book_leverage,current_ratio,net_margin,return_on_assets,interest_coverage_proxy,cash_to_assets,financial_period_end,market_cap_proxy,risk_free_rate_proxy,market_default_distance_proxy,market_leverage_proxy,kmv_distance_proxy,ttc_score_proxy
2024-01-02,187.14999389648438,188.44000244140625,183.88999938964844,185.63999938964844,82488700,183.5621795654297,,,4.8,3.95,2023-11-03,10-K,2023,FY,143566000000.0,145308000000.0,143566000000.0,145308000000.0,95281000000.0,9822000000.0,383285000000.0,114301000000.0,96995000000.0,62146000000.0,30737000000.0,15552752000.0,3933000000.0,57462500000.0,105103000000.0,1.0121337921234832,0.9880116717592975,0.2530623426432028,0.6756126102280484,29.062039155860667,0.21409665241073791,2023-09-30,2854897055360.5957,0.048,0.979872304014569,0.04843268953912731,,47.34
2024-01-03,184.22000122070312,185.8800048828125,183.42999267578125,184.25,58414500,182.187744140625,-0.007487574118255513,,4.81,3.91,2023-11-03,10-K,2023,FY,143566000000.0,145308000000.0,143566000000.0,145308000000.0,95281000000.0,9822000000.0,383285000000.0,114301000000.0,96995000000.0,62146000000.0,30737000000.0,15552752000.0,3933000000.0,57462500000.0,105103000000.0,1.0121337921234832,0.9880116717592975,0.2530623426432028,0.6756126102280484,29.062039155860667,0.21409665241073791,2023-09-30,2833520802058.5938,0.0481,0.979720459451629,0.04878024541040468,,47.34
2024-01-04,182.14999389648438,183.08999633789062,180.8800048828125,181.91000366210938,71983600,179.8739471435547,-0.012700069414572468,,4.85,3.99,2023-11-03,10-K,2023,FY,143566000000.0,145308000000.0,143566000000.0,145308000000.0,95281000000.0,9822000000.0,383285000000.0,114301000000.0,96995000000.0,62146000000.0,30737000000.0,15552752000.0,3933000000.0,57462500000.0,105103000000.0,1.0121337921234832,0.9880116717592975,0.2530623426432028,0.6756126102280484,29.062039155860667,0.21409665241073791,2023-09-30,2797534891184.8145,0.048499999999999995,0.9794595948808119,0.04937674397612769,,47.34
2024-01-05,181.99000549316406,182.75999450683594,180.1699981689453,181.17999267578125,62379700,179.15211486816406,-0.004012989578832893,,4.84,4.05,2023-11-03,10-K,2023,FY,143566000000.0,145308000000.0,143566000000.0,145308000000.0,95281000000.0,9822000000.0,383285000000.0,114301000000.0,96995000000.0,62146000000.0,30737000000.0,15552752000.0,3933000000.0,57462500000.0,105103000000.0,1.0121337921234832,0.9880116717592975,0.2530623426432028,0.6756126102280484,29.062039155860667,0.21409665241073791,2023-09-30,2786308412820.0684,0.0484,0.9793768343319033,0.04956582974653938,,47.34
2024-01-08,182.08999633789062,185.60000610351562,181.5,185.55999755859375,59144500,183.4830780029297,0.02417478095613168,,4.82,4.01,2023-11-03,10-K,2023,FY,143566000000.0,145308000000.0,143566000000.0,145308000000.0,95281000000.0,9822000000.0,383285000000.0,114301000000.0,96995000000.0,62146000000.0,30737000000.0,15552752000.0,3933000000.0,57462500000.0,105103000000.0,1.0121337921234832,0.9880116717592975,0.2530623426432028,0.6756126102280484,29.062039155860667,0.21409665241073791,2023-09-30,2853666808376.2207,0.0482,0.9798636267446034,0.04845255771877466,,47.34
2024-01-09,183.9199981689453,185.14999389648438,182.72999572753906,185.13999938964844,42841800,183.06776428222656,-0.002263498766335803,,4.82,4.02,2023-11-03,10-K,2023,FY,143566000000.0,145308000000.0,143566000000.0,145308000000.0,95281000000.0,9822000000.0,383285000000.0,114301000000.0,96995000000.0,62146000000.0,30737000000.0,15552752000.0,3933000000.0,57462500000.0,105103000000.0,1.0121337921234832,0.9880116717592975,0.2530623426432028,0.6756126102280484,29.062039155860667,0.21409665241073791,2023-09-30,2847207537075.9277,0.0482,0.979817944687301,0.04855714137477281,,47.34
2024-01-10,184.35000610351562,186.39999389648438,183.9199981689453,186.19000244140625,46792900,184.1060028076172,0.005671334488960289,,4.82,4.04,2023-11-03,10-K,2023,FY,143566000000.0,145308000000.0,143566000000.0,145308000000.0,95281000000.0,9822000000.0,383285000000.0,114301000000.0,96995000000.0,62146000000.0,30737000000.0,15552752000.0,3933000000.0,57462500000.0,105103000000.0,1.0121337921234832,0.9880116717592975,0.2530623426432028,0.6756126102280484,29.062039155860667,0.21409665241073791,2023-09-30,2863355003378.174,0.0482,0.979931758398031,0.04829653564950475,,47.34
2024-01-11,186.5399932861328,187.0500030517578,183.6199951171875,185.58999633789062,49128400,183.51272583007812,-0.0032224749247259377,,4.75,3.98,2023-11-03,10-K,2023,FY,143566000000.0,145308000000.0,143566000000.0,145308000000.0,95281000000.0,9822000000.0,383285000000.0,114301000000.0,96995000000.0,62146000000.0,30737000000.0,15552752000.0,3933000000.0,57462500000.0,105103000000.0,1.0121337921234832,0.9880116717592975,0.2530623426432028,0.6756126102280484,29.062039155860667,0.21409665241073791,2023-09-30,2854127913679.199,0.0475,0.9798668799234277,0.0484451090744462,,47.34
2024-01-12,186.05999755859375,186.74000549316406,185.19000244140625,185.9199981689453,40477800,183.8390350341797,0.0017781284792408591,,4.65,3.96,2023-11-03,10-K,2023,FY,143566000000.0,145308000000.0,143566000000.0,145308000000.0,95281000000.0,9822000000.0,383285000000.0,114301000000.0,96995000000.0,62146000000.0,30737000000.0,15552752000.0,3933000000.0,57462500000.0,105103000000.0,1.0121337921234832,0.9880116717592975,0.2530623426432028,0.6756126102280484,29.062039155860667,0.21409665241073791,2023-09-30,2859202919805.908,0.04650000000000001,0.97990261565489,0.048363279042229916,,47.34
2024-01-16,182.16000366210938,184.25999450683594,180.92999267578125,183.6300048828125,65603000,181.57467651367188,-0.012317071399372881,,4.7,4.07,2023-11-03,10-K,2023,FY,143566000000.0,145308000000.0,143566000000.0,145308000000.0,95281000000.0,9822000000.0,383285000000.0,114301000000.0,96995000000.0,62146000000.0,30737000000.0,15552752000.0,3933000000.0,57462500000.0,105103000000.0,1.0121337921234832,0.9880116717592975,0.2530623426432028,0.6756126102280484,29.062039155860667,0.21409665241073791,2023-09-30,2823985913297.3633,0.047,0.9796519877349865,0.048936886762630145,,47.34
2024-01-17,181.27000427246094,182.92999267578125,180.3000030517578,182.67999267578125,47317400,180.6353302001953,-0.005173333261622726,,4.8,4.1,2023-11-03,10-K,2023,FY,143566000000.0,145308000000.0,143566000000.0,145308000000.0,95281000000.0,9822000000.0,383285000000.0,114301000000.0,96995000000.0,62146000000.0,30737000000.0,15552752000.0,3933000000.0,57462500000.0,105103000000.0,1.0121337921234832,0.9880116717592975,0.2530623426432028,0.6756126102280484,29.062039155860667,0.21409665241073791,2023-09-30,2809376493041.748,0.048,0.9795461732728515,0.049178854914018355,,47.34
2024-01-18,186.08999633789062,189.13999938964844,185.8300018310547,188.6300048828125,78005800,186.51873779296875,0.032570636022603905,,4.8,4.14,2023-11-03,10-K,2023,FY,143566000000.0,145308000000.0,143566000000.0,145308000000.0,95281000000.0,9822000000.0,383285000000.0,114301000000.0,96995000000.0,62146000000.0,30737000000.0,15552752000.0,3933000000.0,57462500000.0,105103000000.0,1.0121337921234832,0.9880116717592975,0.2530623426432028,0.6756126102280484,29.062039155860667,0.21409665241073791,2023-09-30,2900879672247.0703,0.048,0.9801913534884787,0.04770159150857937,,47.34
2024-01-19,189.3300018310547,191.9499969482422,188.82000732421875,191.55999755859375,68903000,189.41595458984375,0.01553311389063139,,4.84,4.15,2023-11-03,10-K,2023,FY,143566000000.0,145308000000.0,143566000000.0,145308000000.0,95281000000.0,9822000000.0,383285000000.0,114301000000.0,96995000000.0,62146000000.0,30737000000.0,15552752000.0,3933000000.0,57462500000.0,105103000000.0,1.0121337921234832,0.9880116717592975,0.2530623426432028,0.6756126102280484,29.062039155860667,0.21409665241073791,2023-09-30,2945939366579.1016,0.0484,0.9804943371707182,0.04700626729875832,,47.34
2024-01-22,192.3000030517578,195.3300018310547,192.25999450683594,193.88999938964844,60133900,191.71983337402344,0.012163066142809598,,4.83,4.11,2023-11-03,10-K,2023,FY,143566000000.0,145308000000.0,143566000000.0,145308000000.0,95281000000.0,9822000000.0,383285000000.0,114301000000.0,96995000000.0,62146000000.0,30737000000.0,15552752000.0,3933000000.0,57462500000.0,105103000000.0,1.0121337921234832,0.9880116717592975,0.2530623426432028,0.6756126102280484,29.062039155860667,0.21409665241073791,2023-09-30,2981771021947.51,0.0483,0.9807287348434727,0.04646764567833141,,47.34
2024-01-23,195.02000427246094,195.75,193.8300018310547,195.17999267578125,42355600,192.9954071044922,0.006653321714401139,,4.81,4.14,2023-11-03,10-K,2023,FY,143566000000.0,145308000000.0,143566000000.0,145308000000.0,95281000000.0,9822000000.0,383285000000.0,114301000000.0,96995000000.0,62146000000.0,30737000000.0,15552752000.0,3933000000.0,57462500000.0,105103000000.0,1.0121337921234832,0.9880116717592975,0.2530623426432028,0.6756126102280484,29.062039155860667,0.21409665241073791,2023-09-30,3001609703835.205,0.0481,0.9808561053335552,0.04617470606966002,,47.34
2024-01-24,195.4199981689453,196.3800048828125,194.33999633789062,194.5,53631300,192.32301330566406,-0.0034839886032317358,,4.83,4.18,2023-11-03,10-K,2023,FY,143566000000.0,145308000000.0,143566000000.0,145308000000.0,95281000000.0,9822000000.0,383285000000.0,114301000000.0,96995000000.0,62146000000.0,30737000000.0,15552752000.0,3933000000.0,57462500000.0,105103000000.0,1.0121337921234832,0.9880116717592975,0.2530623426432028,0.6756126102280484,29.062039155860667,0.21409665241073791,2023-09-30,2991152129835.6934,0.0483,0.98078917503833,0.0463286616073172,,47.34
2024-01-25,195.22000122070312,196.27000427246094,193.11000061035156,194.1699981689453,54822100,191.99671936035156,-0.001696593349407971,,4.76,4.14,2023-11-03,10-K,2023,FY,143566000000.0,145308000000.0,143566000000.0,145308000000.0,95281000000.0,9822000000.0,383285000000.0,114301000000.0,96995000000.0,62146000000.0,30737000000.0,15552752000.0,3933000000.0,57462500000.0,105103000000.0,1.0121337921234832,0.9880116717592975,0.2530623426432028,0.6756126102280484,29.062039155860667,0.21409665241073791,2023-09-30,2986077361025.1465,0.047599999999999996,0.9807565266894919,0.046403742512364995,,47.34
2024-01-26,194.27000427246094,194.75999450683594,191.94000244140625,192.4199981689453,44594000,190.26629638671875,-0.009012773652580242,,4.78,4.15,2023-11-03,10-K,2023,FY,143566000000.0,145308000000.0,143566000000.0,145308000000.0,95281000000.0,9822000000.0,383285000000.0,114301000000.0,96995000000.0,62146000000.0,30737000000.0,15552752000.0,3933000000.0,57462500000.0,105103000000.0,1.0121337921234832,0.9880116717592975,0.2530623426432028,0.6756126102280484,29.062039155860667,0.21409665241073791,2023-09-30,2959164521661.133,0.0478,0.9805815122547686,0.046806019053519915,,47.34
2024-01-29,192.00999450683594,192.1999969482422,189.5800018310547,191.72999572753906,47145600,189.58401489257812,-0.003585929337447502,,4.76,4.08,2023-11-03,10-K,2023,FY,143566000000.0,145308000000.0,143566000000.0,145308000000.0,95281000000.0,9822000000.0,383285000000.0,114301000000.0,96995000000.0,62146000000.0,30737000000.0,15552752000.0,3933000000.0,57462500000.0,105103000000.0,1.0121337921234832,0.9880116717592975,0.2530623426432028,0.6756126102280484,29.062039155860667,0.21409665241073791,2023-09-30,2948553166788.574,0.047599999999999996,0.980511628331062,0.04696655478915029,,47.34
2024-01-30,190.94000244140625,191.8000030517578,187.47000122070312,188.0399932861328,55859400,185.93531799316406,-0.01924580456575664,,4.8,4.06,2023-11-03,10-K,2023,FY,143566000000.0,145308000000.0,143566000000.0,145308000000.0,95281000000.0,9822000000.0,383285000000.0,114301000000.0,96995000000.0,62146000000.0,30737000000.0,15552752000.0,3933000000.0,57462500000.0,105103000000.0,1.0121337921234832,0.9880116717592975,0.2530623426432028,0.6756126102280484,29.062039155860667,0.21409665241073791,2023-09-30,2891805888788.8184,0.048,0.9801291987741033,0.04784410638546976,,47.34
2024-01-31,187.0399932861328,187.10000610351562,184.35000610351562,184.39999389648438,55467800,182.3360595703125,-0.019357583388132316,,4.73,3.99,2023-11-03,10-K,2023,FY,143566000000.0,145308000000.0,143566000000.0,145308000000.0,95281000000.0,9822000000.0,383285000000.0,114301000000.0,96995000000.0,62146000000.0,30737000000.0,15552752000.0,3933000000.0,57462500000.0,105103000000.0,1.0121337921234832,0.9880116717592975,0.2530623426432028,0.6756126102280484,29.062039155860667,0.21409665241073791,2023-09-30,2835827515154.297,0.0473,0.979736955194585,0.048742500722071064,,47.34
2024-02-01,183.99000549316406,186.9499969482422,183.82000732421875,186.86000061035156,64885400,184.76853942871094,0.013340640705578277,,4.68,3.87,2023-11-03,10-K,2023,FY,143566000000.0,145308000000.0,143566000000.0,145308000000.0,95281000000.0,9822000000.0,383285000000.0,114301000000.0,96995000000.0,62146000000.0,30737000000.0,15552752000.0,3933000000.0,57462500000.0,105103000000.0,1.0121337921234832,0.9880116717592975,0.2530623426432028,0.6756126102280484,29.062039155860667,0.21409665241073791,2023-09-30,2873659271136.963,0.046799999999999994,0.9800037184028206,0.04813169105515876,,47.34
2024-02-02,179.86000061035156,187.3300018310547,179.25,185.85000610351562,102551700,183.76983642578125,-0.005405157209217526,,4.81,4.03,2024-02-02,10-Q,2024,Q1,143692000000.0,133973000000.0,143692000000.0,133973000000.0,95088000000.0,10954000000.0,119575000000.0,40373000000.0,33916000000.0,74100000000.0,41974000000.0,15441881000.0,,58498000000.0,106042000000.0,0.9323622748656849,1.072544467915177,0.2836378841731131,0.2360326253375275,,0.29211090387773847,2023-12-30,2837751945476.3794,0.0481,0.9793857951209404,0.045082570715010636,,32.92
2024-02-05,188.14999389648438,189.25,185.83999633789062,187.67999267578125,69668800,185.579345703125,0.009846606562522231,,4.87,4.17,2024-02-02,10-Q,2024,Q1,143692000000.0,133973000000.0,143692000000.0,133973000000.0,95088000000.0,10954000000.0,119575000000.0,40373000000.0,33916000000.0,74100000000.0,41974000000.0,15441881000.0,,58498000000.0,106042000000.0,0.9323622748656849,1.072544467915177,0.2836378841731131,0.2360326253375275,,0.29211090387773847,2023-12-30,2865694172405.5176,0.0487,0.9795867959102923,0.044662621650975794,,32.92
2024-02-06,186.86000061035156,189.30999755859375,186.77000427246094,189.3000030517578,43490800,187.1812286376953,0.00863179535686509,,4.82,4.09,2024-02-02,10-Q,2024,Q1,143692000000.0,133973000000.0,143692000000.0,133973000000.0,95088000000.0,10954000000.0,119575000000.0,40373000000.0,33916000000.0,74100000000.0,41974000000.0,15441881000.0,,58498000000.0,106042000000.0,0.9323622748656849,1.072544467915177,0.2836378841731131,0.2360326253375275,,0.29211090387773847,2023-12-30,2890430258057.083,0.0482,0.9797614905819171,0.0442973335791425,,32.92
2024-02-07,190.63999938964844,191.0500030517578,188.61000061035156,189.41000366210938,53439000,187.29000854492188,0.0005811475222075035,,4.83,4.09,2024-02-02,10-Q,2024,Q1,143692000000.0,133973000000.0,143692000000.0,133973000000.0,95088000000.0,10954000000.0,119575000000.0,40373000000.0,33916000000.0,74100000000.0,41974000000.0,15441881000.0,,58498000000.0,106042000000.0,0.9323622748656849,1.072544467915177,0.2836378841731131,0.2360326253375275,,0.29211090387773847,2023-12-30,2892110024439.667,0.0483,0.9797732453102873,0.044272744309389024,,32.92
2024-02-08,189.38999938964844,189.5399932861328,187.35000610351562,188.32000732421875,40962000,186.21221923828125,-0.00575465458629687,,4.83,4.15,2024-02-02,10-Q,2024,Q1,143692000000.0,133973000000.0,143692000000.0,133973000000.0,95088000000.0,10954000000.0,119575000000.0,40373000000.0,33916000000.0,74100000000.0,41974000000.0,15441881000.0,,58498000000.0,106042000000.0,0.9323622748656849,1.072544467915177,0.2836378841731131,0.2360326253375275,,0.29211090387773847,2023-12-30,2875466930223.4497,0.0483,0.9796561736164866,0.044517585699094704,,32.92
2024-02-09,188.64999389648438,189.99000549316406,188.0,188.85000610351562,45155200,186.9745635986328,0.004093954539986733,,4.86,4.17,2024-02-02,10-Q,2024,Q1,143692000000.0,133973000000.0,143692000000.0,133973000000.0,95088000000.0,10954000000.0,119575000000.0,40373000000.0,33916000000.0,74100000000.0,41974000000.0,15441881000.0,,58498000000.0,106042000000.0,0.9323622748656849,1.072544467915177,0.2836378841731131,0.2360326253375275,,0.29211090387773847,2023-12-30,2887238961117.0195,0.048600000000000004,0.9797391207351371,0.044344124716912195,,32.92
2024-02-12,188.4199981689453,188.6699981689453,186.7899932861328,187.14999389648438,41781900,185.29139709472656,-0.009002114894726576,,4.87,4.17,2024-02-02,10-Q,2024,Q1,143692000000.0,133973000000.0,143692000000.0,133973000000.0,95088000000.0,10954000000.0,119575000000.0,40373000000.0,33916000000.0,74100000000.0,41974000000.0,15441881000.0,,58498000000.0,106042000000.0,0.9323622748656849,1.072544467915177,0.2836378841731131,0.2360326253375275,,0.29211090387773847,2023-12-30,2861247704260.513,0.0487,0.9795550731546612,0.04472892425237039,,32.92
2024-02-13,185.77000427246094,186.2100067138672,183.50999450683594,185.0399932861328,56529500,183.20237731933594,-0.011274240510597777,,4.99,4.31,2024-02-02,10-Q,2024,Q1,143692000000.0,133973000000.0,143692000000.0,133973000000.0,95088000000.0,10954000000.0,119575000000.0,40373000000.0,33916000000.0,74100000000.0,41974000000.0,15441881000.0,,58498000000.0,106042000000.0,0.9323622748656849,1.072544467915177,0.2836378841731131,0.2360326253375275,,0.29211090387773847,2023-12-30,2828989309482.2847,0.0499,0.9793219437754944,0.04521589747235393,,32.92
2024-02-14,185.32000732421875,185.52999877929688,182.44000244140625,184.14999389648438,54630500,182.3212127685547,-0.004809787753164985,,4.94,4.27,2024-02-02,10-Q,2024,Q1,143692000000.0,133973000000.0,143692000000.0,133973000000.0,95088000000.0,10954000000.0,119575000000.0,40373000000.0,33916000000.0,74100000000.0,41974000000.0,15441881000.0,,58498000000.0,106042000000.0,0.9323622748656849,1.072544467915177,0.2836378841731131,0.2360326253375275,,0.29211090387773847,2023-12-30,2815382471347.702,0.049400000000000006,0.9792220060345842,0.045424500810945415,,32.92
2024-02-15,183.5500030517578,184.49000549316406,181.35000610351562,183.86000061035156,65434500,182.03411865234375,-0.001574661071256589,,4.93,4.24,2024-02-02,10-Q,2024,Q1,143692000000.0,133973000000.0,143692000000.0,133973000000.0,95088000000.0,10954000000.0,119575000000.0,40373000000.0,33916000000.0,74100000000.0,41974000000.0,15441881000.0,,58498000000.0,106042000000.0,0.9323622748656849,1.072544467915177,0.2836378841731131,0.2360326253375275,,0.29211090387773847,2023-12-30,2810949198169.3726,0.0493,0.9791892361348626,0.04549288265859129,,32.92
2024-02-16,183.4199981689453,184.85000610351562,181.6699981689453,182.30999755859375,49752500,180.49951171875,-0.008430325836469188,,4.98,4.3,2024-02-02,10-Q,2024,Q1,143692000000.0,133973000000.0,143692000000.0,133973000000.0,95088000000.0,10954000000.0,119575000000.0,40373000000.0,33916000000.0,74100000000.0,41974000000.0,15441881000.0,,58498000000.0,106042000000.0,0.9323622748656849,1.072544467915177,0.2836378841731131,0.2360326253375275,,0.29211090387773847,2023-12-30,2787251980519.043,0.049800000000000004,0.9790123030106856,0.04586192466976497,,32.92
2024-02-20,181.7899932861328,182.42999267578125,180.0,181.55999755859375,53665600,179.75694274902344,-0.004113966639885502,,4.97,4.27,2024-02-02,10-Q,2024,Q1,143692000000.0,133973000000.0,143692000000.0,133973000000.0,95088000000.0,10954000000.0,119575000000.0,40373000000.0,33916000000.0,74100000000.0,41974000000.0,15441881000.0,,58498000000.0,106042000000.0,0.9323622748656849,1.072544467915177,0.2836378841731131,0.2360326253375275,,0.29211090387773847,2023-12-30,2775785318854.233,0.049699999999999994,0.9789256036471342,0.046042655546992016,,32.92
2024-02-21,181.94000244140625,182.88999938964844,180.66000366210938,182.32000732421875,41371400,180.50938415527344,0.004185882307202737,,4.98,4.32,2024-02-02,10-Q,2024,Q1,143692000000.0,133973000000.0,143692000000.0,133973000000.0,95088000000.0,10954000000.0,119575000000.0,40373000000.0,33916000000.0,74100000000.0,41974000000.0,15441881000.0,,58498000000.0,106042000000.0,0.9323622748656849,1.072544467915177,0.2836378841731131,0.2360326253375275,,0.29211090387773847,2023-12-30,2787404429509.018,0.049800000000000004,0.9790134508718191,0.04585953141375375,,32.92
2024-02-22,183.47999572753906,184.9600067138672,182.4600067138672,184.3699951171875,52292200,182.53900146484375,0.011243832663150766,,5.02,4.33,2024-02-02,10-Q,2024,Q1,143692000000.0,133973000000.0,143692000000.0,133973000000.0,95088000000.0,10954000000.0,119575000000.0,40373000000.0,33916000000.0,74100000000.0,41974000000.0,15441881000.0,,58498000000.0,106042000000.0,0.9323622748656849,1.072544467915177,0.2836378841731131,0.2360326253375275,,0.29211090387773847,2023-12-30,2818745538478.943,0.050199999999999995,0.9792467964200958,0.04537276352422489,,32.92
2024-02-23,185.00999450683594,185.0399932861328,182.22999572753906,182.52000427246094,45119700,180.70742797851562,-0.01003387479733131,,5.0,4.26,2024-02-02,10-Q,2024,Q1,143692000000.0,133973000000.0,143692000000.0,133973000000.0,95088000000.0,10954000000.0,119575000000.0,40373000000.0,33916000000.0,74100000000.0,41974000000.0,15441881000.0,,58498000000.0,106042000000.0,0.9323622748656849,1.072544467915177,0.2836378841731131,0.2360326253375275,,0.29211090387773847,2023-12-30,2790462598660.3086,0.05,0.9790364507920355,0.045811574739882586,,32.92
2024-02-26,182.24000549316406,182.75999450683594,180.64999389648438,181.16000366210938,40867400,179.3609161376953,-0.007451336427523048,,5.03,4.28,2024-02-02,10-Q,2024,Q1,143692000000.0,133973000000.0,143692000000.0,133973000000.0,95088000000.0,10954000000.0,119575000000.0,40373000000.0,33916000000.0,74100000000.0,41974000000.0,15441881000.0,,58498000000.0,106042000000.0,0.9323622748656849,1.072544467915177,0.2836378841731131,0.2360326253375275,,0.29211090387773847,2023-12-30,2769669923049.2705,0.050300000000000004,0.9788790716492323,0.046139626514167864,,32.92
2024-02-27,181.10000610351562,183.9199981689453,179.55999755859375,182.6300048828125,54318900,180.8163299560547,0.008114442375183106,,5.03,4.31,2024-02-02,10-Q,2024,Q1,143692000000.0,133973000000.0,143692000000.0,133973000000.0,95088000000.0,10954000000.0,119575000000.0,40373000000.0,33916000000.0,74100000000.0,41974000000.0,15441881000.0,,58498000000.0,106042000000.0,0.9323622748656849,1.072544467915177,0.2836378841731131,0.2360326253375275,,0.29211090387773847,2023-12-30,2792144250038.132,0.050300000000000004,0.9790490767089841,0.04578524664322803,,32.92
2024-02-28,182.50999450683594,183.1199951171875,180.1300048828125,181.4199981689453,48953900,179.61831665039062,-0.006625581361789701,,5.0,4.27,2024-02-02,10-Q,2024,Q1,143692000000.0,133973000000.0,143692000000.0,133973000000.0,95088000000.0,10954000000.0,119575000000.0,40373000000.0,33916000000.0,74100000000.0,41974000000.0,15441881000.0,,58498000000.0,106042000000.0,0.9323622748656849,1.072544467915177,0.2836378841731131,0.2360326253375275,,0.29211090387773847,2023-12-30,2773644671135.6504,0.05,0.9789093388173444,0.04607655309360984,,32.92
2024-02-29,181.27000427246094,182.57000732421875,179.52999877929688,180.75,136682600,178.95497131347656,-0.0036930829176247126,,5.01,4.25,2024-02-02,10-Q,2024,Q1,143692000000.0,133973000000.0,143692000000.0,133973000000.0,95088000000.0,10954000000.0,119575000000.0,40373000000.0,33916000000.0,74100000000.0,41974000000.0,15441881000.0,,58498000000.0,106042000000.0,0.9323622748656849,1.072544467915177,0.2836378841731131,0.2360326253375275,,0.29211090387773847,2023-12-30,2763401371381.1187,0.0501,0.9788311605379412,0.046239450905385705,,32.92
2024-03-01,179.5500030517578,180.52999877929688,177.3800048828125,179.66000366210938,73563100,177.8758087158203,-0.006030358305977868,,4.94,4.19,2024-02-02,10-Q,2024,Q1,143692000000.0,133973000000.0,143692000000.0,133973000000.0,95088000000.0,10954000000.0,119575000000.0,40373000000.0,33916000000.0,74100000000.0,41974000000.0,15441881000.0,,58498000000.0,106042000000.0,0.9323622748656849,1.072544467915177,0.2836378841731131,0.2360326253375275,,0.29211090387773847,2023-12-30,2746737070968.46,0.049400000000000006,0.9787027303711402,0.04650693638008489,,32.92
2024-03-04,176.14999389648438,176.89999389648438,173.7899932861328,175.10000610351562,81510100,173.36109924316406,-0.02538124495540084,,4.98,4.22,2024-02-02,10-Q,2024,Q1,143692000000.0,133973000000.0,143692000000.0,133973000000.0,95088000000.0,10954000000.0,119575000000.0,40373000000.0,33916000000.0,74100000000.0,41974000000.0,15441881000.0,,58498000000.0,106042000000.0,0.9323622748656849,1.072544467915177,0.2836378841731131,0.2360326253375275,,0.29211090387773847,2023-12-30,2677021464542.1294,0.049800000000000004,0.9781481019951384,0.047660357104908874,,32.92
2024-03-05,170.75999450683594,172.0399932861328,169.6199951171875,170.1199951171875,95132400,168.4305419921875,-0.028440966701882453,,4.94,4.13,2024-02-02,10-Q,2024,Q1,143692000000.0,133973000000.0,143692000000.0,133973000000.0,95088000000.0,10954000000.0,119575000000.0,40373000000.0,33916000000.0,74100000000.0,41974000000.0,15441881000.0,,58498000000.0,106042000000.0,0.9323622748656849,1.072544467915177,0.2836378841731131,0.2360326253375275,,0.29211090387773847,2023-12-30,2600884386208.8623,0.049400000000000006,0.9775084197090096,0.04898719789762684,,32.92
2024-03-06,171.05999755859375,171.24000549316406,168.67999267578125,169.1199951171875,68587700,167.4404754638672,-0.005878188816647256,,4.95,4.11,2024-02-02,10-Q,2024,Q1,143692000000.0,133973000000.0,143692000000.0,133973000000.0,95088000000.0,10954000000.0,119575000000.0,40373000000.0,33916000000.0,74100000000.0,41974000000.0,15441881000.0,,58498000000.0,106042000000.0,0.9323622748656849,1.072544467915177,0.2836378841731131,0.2360326253375275,,0.29211090387773847,2023-12-30,2585595896696.457,0.0495,0.9773754282040975,0.049262587229446944,,32.92
2024-03-07,169.14999389648438,170.72999572753906,168.49000549316406,169.0,71765100,167.32167053222656,-0.000709535321800181,,4.93,4.09,2024-02-02,10-Q,2024,Q1,143692000000.0,133973000000.0,143692000000.0,133973000000.0,95088000000.0,10954000000.0,119575000000.0,40373000000.0,33916000000.0,74100000000.0,41974000000.0,15441881000.0,,58498000000.0,106042000000.0,0.9323622748656849,1.072544467915177,0.2836378841731131,0.2360326253375275,,0.29211090387773847,2023-12-30,2583761325079.849,0.0493,0.9773593638730573,0.04929584130563011,,32.92
2024-03-08,169.0,173.6999969482422,168.94000244140625,170.72999572753906,76267000,169.03448486328125,0.010236655692035912,,4.92,4.09,2024-02-02,10-Q,2024,Q1,143692000000.0,133973000000.0,143692000000.0,133973000000.0,95088000000.0,10954000000.0,119575000000.0,40373000000.0,33916000000.0,74100000000.0,41974000000.0,15441881000.0,,58498000000.0,106042000000.0,0.9323622748656849,1.072544467915177,0.2836378841731131,0.2360326253375275,,0.29211090387773847,2023-12-30,2610210400155.0903,0.0492,0.977588779817702,0.048820716571796326,,32.92
2024-03-11,172.94000244140625,174.3800048828125,172.0500030517578,172.75,60139500,171.034423828125,0.011831544116346127,,4.95,4.1,2024-02-02,10-Q,2024,Q1,143692000000.0,133973000000.0,143692000000.0,133973000000.0,95088000000.0,10954000000.0,119575000000.0,40373000000.0,33916000000.0,74100000000.0,41974000000.0,15441881000.0,,58498000000.0,106042000000.0,0.9323622748656849,1.072544467915177,0.2836378841731131,0.2360326253375275,,0.29211090387773847,2023-12-30,2641093219657.4707,0.0495,0.9778508385979702,0.048277406517721375,,32.92
2024-03-12,173.14999389648438,174.02999877929688,171.00999450683594,173.22999572753906,59825400,171.50965881347656,0.002778592605598096,,5.0,4.16,2024-02-02,10-Q,2024,Q1,143692000000.0,133973000000.0,143692000000.0,133973000000.0,95088000000.0,10954000000.0,119575000000.0,40373000000.0,33916000000.0,74100000000.0,41974000000.0,15441881000.0,,58498000000.0,106042000000.0,0.9323622748656849,1.072544467915177,0.2836378841731131,0.2360326253375275,,0.29211090387773847,2023-12-30,2648431741748.306,0.05,0.9779122115635935,0.04815007607980819,,32.92
2024-03-13,172.77000427246094,173.19000244140625,170.75999450683594,171.1300048828125,52488700,169.43052673339844,-0.012122536389272742,,5.01,4.19,2024-02-02,10-Q,2024,Q1,143692000000.0,133973000000.0,143692000000.0,133973000000.0,95088000000.0,10954000000.0,119575000000.0,40373000000.0,33916000000.0,74100000000.0,41974000000.0,15441881000.0,,58498000000.0,106042000000.0,0.9323622748656849,1.072544467915177,0.2836378841731131,0.2360326253375275,,0.29211090387773847,2023-12-30,2616326031584.4575,0.0501,0.9776411657821662,0.04871215764593338,,32.92
2024-03-14,172.91000366210938,174.30999755859375,172.0500030517578,173.0,72913500,171.28195190429688,0.01092734117395322,,5.04,4.29,2024-02-02,10-Q,2024,Q1,143692000000.0,133973000000.0,143692000000.0,133973000000.0,95088000000.0,10954000000.0,119575000000.0,40373000000.0,33916000000.0,74100000000.0,41974000000.0,15441881000.0,,58498000000.0,106042000000.0,0.9323622748656849,1.072544467915177,0.2836378841731131,0.2360326253375275,,0.29211090387773847,2023-12-30,2644915518753.876,0.0504,0.9778828474538345,0.048211002023239455,,32.92
2024-03-15,171.1699981689453,172.6199951171875,170.2899932861328,172.6199951171875,121752700,170.9057159423828,-0.002196588477251127,,5.05,4.31,2024-02-02,10-Q,2024,Q1,143692000000.0,133973000000.0,143692000000.0,133973000000.0,95088000000.0,10954000000.0,119575000000.0,40373000000.0,33916000000.0,74100000000.0,41974000000.0,15441881000.0,,58498000000.0,106042000000.0,0.9323622748656849,1.072544467915177,0.2836378841731131,0.2360326253375275,,0.29211090387773847,2023-12-30,2639105727802.078,0.050499999999999996,0.9778341582211946,0.04831200739338043,,32.92
2024-03-18,175.57000732421875,177.7100067138672,173.52000427246094,173.72000122070312,75604200,171.9947967529297,0.006372407175158745,,5.06,4.34,2024-02-02,10-Q,2024,Q1,143692000000.0,133973000000.0,143692000000.0,133973000000.0,95088000000.0,10954000000.0,119575000000.0,40373000000.0,33916000000.0,74100000000.0,41974000000.0,15441881000.0,,58498000000.0,106042000000.0,0.9323622748656849,1.072544467915177,0.2836378841731131,0.2360326253375275,,0.29211090387773847,2023-12-30,2655923184077.927,0.0506,0.9779745135888375,0.048020783269495985,,32.92
2024-03-19,174.33999633789062,176.61000061035156,173.02999877929688,176.0800018310547,55215200,174.33132934570312,0.013584902781273556,,5.06,4.3,2024-02-02,10-Q,2024,Q1,143692000000.0,133973000000.0,143692000000.0,133973000000.0,95088000000.0,10954000000.0,119575000000.0,40373000000.0,33916000000.0,74100000000.0,41974000000.0,15441881000.0,,58498000000.0,106042000000.0,0.9323622748656849,1.072544467915177,0.2836378841731131,0.2360326253375275,,0.29211090387773847,2023-12-30,2692003642328.1553,0.0506,0.9782697173658322,0.04740768129266191,,32.92
2024-03-20,175.72000122070312,178.6699981689453,175.08999633789062,178.6699981689453,53423100,176.8956298828125,0.014709349987369835,,5.01,4.27,2024-02-02,10-Q,2024,Q1,143692000000.0,133973000000.0,143692000000.0,133973000000.0,95088000000.0,10954000000.0,119575000000.0,40373000000.0,33916000000.0,74100000000.0,41974000000.0,15441881000.0,,58498000000.0,106042000000.0,0.9323622748656849,1.072544467915177,0.2836378841731131,0.2360326253375275,,0.29211090387773847,2023-12-30,2731601266070.4346,0.0501,0.9785847221823291,0.04675258344768615,,32.92
2024-03-21,177.0500030517578,177.49000549316406,170.83999633789062,171.3699951171875,106181300,169.66812133789062,-0.040857473696268576,,5.01,4.27,2024-02-02,10-Q,2024,Q1,143692000000.0,133973000000.0,143692000000.0,133973000000.0,95088000000.0,10954000000.0,119575000000.0,40373000000.0,33916000000.0,74100000000.0,41974000000.0,15441881000.0,,58498000000.0,106042000000.0,0.9323622748656849,1.072544467915177,0.2836378841731131,0.2360326253375275,,0.29211090387773847,2023-12-30,2619994939193.2676,0.0501,0.9776724759559985,0.04864726204446858,,32.92
2024-03-22,171.75999450683594,173.0500030517578,170.05999755859375,172.27999877929688,71160100,170.56910705566406,0.005310282866745064,,4.98,4.22,2024-02-02,10-Q,2024,Q1,143692000000.0,133973000000.0,143692000000.0,133973000000.0,95088000000.0,10954000000.0,119575000000.0,40373000000.0,33916000000.0,74100000000.0,41974000000.0,15441881000.0,,58498000000.0,106042000000.0,0.9323622748656849,1.072544467915177,0.2836378841731131,0.2360326253375275,,0.29211090387773847,2023-12-30,2633907853429.8247,0.049800000000000004,0.97779041513399,0.04840273374989646,,32.92
2024-03-25,170.57000732421875,171.94000244140625,169.4499969482422,170.85000610351562,54288300,169.1533203125,-0.008300370258150114,,5.0,4.25,2024-02-02,10-Q,2024,Q1,143692000000.0,133973000000.0,143692000000.0,133973000000.0,95088000000.0,10954000000.0,119575000000.0,40373000000.0,33916000000.0,74100000000.0,41974000000.0,15441881000.0,,58498000000.0,106042000000.0,0.9323622748656849,1.072544467915177,0.2836378841731131,0.2360326253375275,,0.29211090387773847,2023-12-30,2612045443020.508,0.05,0.9776045243943557,0.048788091842760964,,32.92
2024-03-26,170.0,171.4199981689453,169.5800018310547,169.7100067138672,57388400,168.0246124267578,-0.006672691281832233,,5.0,4.24,2024-02-02,10-Q,2024,Q1,143692000000.0,133973000000.0,143692000000.0,133973000000.0,95088000000.0,10954000000.0,119575000000.0,40373000000.0,33916000000.0,74100000000.0,41974000000.0,15441881000.0,,58498000000.0,106042000000.0,0.9323622748656849,1.072544467915177,0.2836378841731131,0.2360326253375275,,0.29211090387773847,2023-12-30,2594616070165.115,0.05,0.9774540824468579,0.04909973490141294,,32.92
2024-03-27,170.41000366210938,173.60000610351562,170.11000061035156,173.30999755859375,60273300,171.58885192871094,0.021212603620834214,,4.99,4.2,2024-02-02,10-Q,2024,Q1,143692000000.0,133973000000.0,143692000000.0,133973000000.0,95088000000.0,10954000000.0,119575000000.0,40373000000.0,33916000000.0,74100000000.0,41974000000.0,15441881000.0,,58498000000.0,106042000000.0,0.9323622748656849,1.072544467915177,0.2836378841731131,0.2360326253375275,,0.29211090387773847,2023-12-30,2649654632409.775,0.0499,0.9779224057035698,0.048128923006853515,,32.92
2024-03-28,171.75,172.22999572753906,170.50999450683594,171.47999572753906,65672700,169.77703857421875,-0.01055903885437115,0.19975778398128666,5.03,4.2,2024-02-02,10-Q,2024,Q1,143692000000.0,133973000000.0,143692000000.0,133973000000.0,95088000000.0,10954000000.0,119575000000.0,40373000000.0,33916000000.0,74100000000.0,41974000000.0,15441881000.0,,58498000000.0,106042000000.0,0.9323622748656849,1.072544467915177,0.2836378841731131,0.2360326253375275,,0.29211090387773847,2023-12-30,2621676826195.4956,0.050300000000000004,0.9776867997552198,0.048617570609457934,4.89436146251407,32.92
